"","Toronto Raptors","Los Angeles Clippers","Charlotte Hornets","Indiana Pacers","Orlando Magic","Brooklyn Nets","Miami Heat","Philadelphia 76ers","Dallas Mavericks","San Antonio Spurs","Utah Jazz","Phoenix Suns","Portland Trail Blazers","Detroit Pistons","Houston Rockets","Golden State Warriors","Boston Celtics","Memphis Grizzlies","New Orleans Pelicans","Oklahoma City Thunder","Denver Nuggets","Sacramento Kings","Los Angeles Lakers","Milwaukee Bucks","Atlanta Hawks","New York Knicks","Chicago Bulls","Cleveland Cavaliers","Minnesota Timberwolves","Washington Wizards"
"1",1510,1510.28774368332,1510,1510,1490,1490,1510,1490,1490,1510,1490,1490,1510,1490,1490,1490,1510,1510,1490,1510,1510,1510,1510,1490,1510,1490,1510.28774368332,1510,1490,1490
"2",1500,1520.00826157489,1520,1499.42498872215,1480,1500.57501127785,1500,1480.57501127785,1480,1520,1500.57501127785,1480.57501127785,1499.71225631668,1500,1500,1500,1499.71225631668,1499.42498872215,1480,1519.42498872215,1499.70398144396,1500,1499.42498872215,1500.30427933278,1519.42498872215,1500.57501127785,1519.97519029989,1520,1480.28774368332,1480.27120645886
"3",1509.99147990313,1528.61073989683,1509.41673457138,1489.73754210559,1471.14623267525,1490.27073194506,1490.82857418126,1470.30369581772,1470.57501127785,1528.85376732475,1490.85449338628,1471.13352556695,1510.00827487272,1510.00875786096,1509.42498872215,1509.44148571089,1510.2955217453,1509.15378226329,1471.14623267525,1528.84997744431,1489.71250154083,1509.71225631668,1490,1490.29552147182,1529.14550661372,1490.84646962263,1529.12230434056,1528.85376732475,1491.11666863387,1471.12454430015
"4",1519.13814206184,1518.61762570587,1518.29570260247,1499.74509624959,1481.41754813537,1481.12361790439,1501.09225011627,1461.42472778663,1461.48285719449,1538.02519314349,1502.20389426412,1462.53104724501,1499.99196138375,1519.73729951617,1499.98361175245,1519.45779919986,1520.83687035304,1498.32485731275,1461.69683608685,1538.84309163527,1499.75291649849,1499.99173842511,1479.992445856,1499.74491806023,1517.74013144319,1481.10939710024,1518.58095573282,1538.29514429445,1481.0762536762,1482.45825531341
"5",1528.61920611567,1528.29126044052,1527.54688880235,1489.74509112089,1491.65669835831,1492.23045556514,1491.61118606244,1453.8606376886,1452.27086428507,1526.67579226565,1511.29604834748,1473.60510014749,1488.91790848127,1508.63046185543,1509.72068427485,1530.01517449478,1511.33893737484,1507.27450650744,1452.74718689215,1528.28571634035,1490.00837720038,1489.72806249011,1491.39782102653,1509.74492318893,1506.40642042993,1492.1837528406,1507.50659999246,1547.79307727266,1472.42674990836,1472.72294594526
"6",1516.95784445543,1538.51981426026,1536.76300150785,1500.25586356159,1501.39200772647,1482.97926936526,1482.90836648958,1445.50355512893,1464.16477775281,1536.23341656237,1501.73842405076,1483.00548132871,1498.12990139069,1518.37500115355,1499.62529498665,1518.90823244436,1500.72576470988,1497.6008717728,1443.34680571093,1536.9352201082,1500.62154986534,1479.48891226716,1502.50476307694,1518.87627989407,1516.50180971812,1482.45868907817,1496.99582755175,1555.35716737069,1462.73038247259,1463.49571401083
"7",1527.78145692309,1547.94064880713,1546.27574530326,1491.03975085609,1491.26548224211,1492.67563680102,1473.33417759397,1436.8067388311,1475.53137362234,1526.00486274263,1511.46348781319,1473.56612724725,1508.11467470606,1508.95416660668,1508.85252692108,1526.76705232653,1489.65828040561,1487.61609845743,1435.48798582877,1545.63803968106,1490.24739762217,1470.35755556203,1511.9441171584,1506.98236642632,1527.61551762723,1492.75267173596,1507.12235303612,1544.24345946157,1473.54984694351,1474.56319831509
"8",1538.31326313213,1557.05598028303,1535.74393909422,1499.73656715392,1480.44601777119,1482.38165414323,1464.65376996802,1448.59845409884,1466.99545728242,1515.51157951741,1519.82057037287,1464.55724976935,1517.12355218395,1497.68323076475,1519.3458101463,1535.30296866645,1499.7473417926,1497.99025070059,1426.81930351764,1534.8144272134,1481.53698032318,1482.01891722227,1500.57752128887,1494.71517746591,1537.02636002769,1482.66361034897,1497.71151063566,1552.26436428083,1466.16088179306,1466.54229349583
"9",1546.72509580991,1566.41668997774,1526.21907711759,1487.94485188619,1471.30339952266,1492.19305252336,1456.64674846368,1441.09004434628,1457.20428060995,1524.99888830815,1510.30782657745,1475.82818561127,1508.00822070806,1488.19592197401,1509.50850445807,1544.01338596544,1509.40776943609,1487.89598930741,1439.08649247805,1525.45371751868,1471.72861660613,1490.68759953341,1510.29294331762,1504.8094388591,1544.53476978024,1474.25177767119,1507.28569953126,1561.78922625746,1477.64960431811,1457.70963678336
"10",1537.15840484265,1573.80565512819,1534.83017107664,1478.2844242427,1482.84947240301,1484.49978043513,1449.12375862211,1433.03421952069,1448.35015050328,1534.83619399638,1519.45044482598,1466.01678723114,1517.23162770839,1498.00428569106,1517.56432928367,1551.80543064713,1497.19150852231,1499.04889255451,1431.10775744606,1513.90764463834,1463.0308613872,1480.97217750466,1518.27167834961,1496.16103310234,1552.05775962181,1484.04295434366,1516.11835624374,1571.35591722472,1469.03851035906,1447.0006129034
"11",1527.57973056175,1581.49892721641,1545.57356806803,1488.41580933003,1472.71808731567,1475.14026382186,1460.46938894372,1443.74324340064,1440.14460827371,1542.84321550071,1528.13085245194,1458.22474254945,1525.92938292732,1508.46170173914,1507.1583161311,1561.38410492803,1506.04563862898,1511.37842844165,1443.32401835984,1503.45022859026,1472.89253899011,1471.74877050432,1506.78295582456,1484.81540278074,1560.70616537857,1494.74462742562,1526.40066525664,1559.01304575215,1478.31173772259,1458.36621101553
"12",1536.01857819897,1569.16939132927,1532.78862839275,1500.7586808026,1481.87407076961,1466.25000964159,1470.40885535629,1434.47001603712,1431.33993645597,1550.82504281319,1516.97794920484,1448.36306494654,1515.64707391442,1497.76002865718,1517.40259361482,1569.80466960076,1497.62507395625,1519.58397067122,1434.1680349059,1513.85624174283,1464.45369135289,1463.76694319185,1516.14247243783,1477.21393881046,1549.96276838718,1483.3790293135,1536.12952416239,1567.26808371286,1469.49409178028,1448.42674460295
"13",1523.77475676926,1576.22543141073,1522.66236675386,1489.26194318559,1490.67874258735,1457.02931174673,1459.68454228717,1445.19949474228,1424.87831771695,1559.83010084072,1507.24909029909,1459.85980256355,1505.4027964307,1489.50499069647,1527.11043546542,1577.40613357104,1507.3914017173,1528.40161661353,1446.19008141738,1522.7464959231,1475.40315915091,1456.71090311039,1507.1374144103,1487.60129310844,1538.06945644863,1495.27234125204,1527.27848091595,1575.14569253215,1460.58055858587,1458.44699521408
"14",1515.52107781589,1585.07647465717,1513.91156111001,1500.2227331952,1480.29138828936,1448.71903852373,1450.01280756064,1455.9238078114,1419.37945869991,1566.29171957974,1497.54124844849,1449.13032385839,1493.38074991922,1479.73866293541,1535.75535307297,1585.22045440937,1516.30493491171,1538.52787825241,1458.97502109267,1511.7857059135,1487.14932800283,1468.95472454009,1497.71647238922,1478.70494183188,1525.83146434536,1505.4832586113,1536.69942293703,1580.94042919423,1450.88648973156,1468.75385126611
"15",1526.10280952121,1593.33015361054,1503.66902263832,1492.40841235687,1469.11161455691,1439.71300700553,1462.71251397964,1448.25753617664,1413.58472203783,1575.0425252236,1486.59178065047,1439.11007324725,1502.60144781408,1471.09374532787,1525.17362136764,1593.03708148387,1524.61520813471,1546.19414988717,1471.21301319594,1501.38098201982,1477.13328051382,1479.88532680559,1508.1211962829,1488.13279405697,1534.872428159,1515.72579708299,1524.95325408511,1587.10316718781,1460.86931698962,1461.94406564993
"16",1534.99916079778,1598.82901262758,1514.01590526981,1483.36744854322,1458.80475850488,1430.61627426507,1454.72205654843,1440.42984517239,1425.22269024176,1583.60121707093,1496.60782813947,1450.2898469797,1492.39053045482,1480.76548005441,1533.87745230992,1600.42964975938,1516.05651628738,1533.49444346816,1480.90708205025,1490.45037975432,1467.51638984263,1471.18149586332,1500.3045692084,1500.90676194468,1523.77551588523,1505.3789144515,1532.78094508937,1574.3291993001,1454.68323135694,1472.47127600086
"17",1542.17845552501,1585.55589785919,1524.80488328292,1492.37348006142,1449.37690627979,1444.4978611406,1446.46929122688,1434.26710717881,1419.3224835611,1590.41100268711,1507.70474041324,1440.30701972165,1484.51292163554,1494.0385948228,1542.74632444042,1606.61573539206,1524.30928160892,1541.48490089938,1471.01086273009,1500.06727042552,1476.73483837275,1480.27822860378,1492.91200093289,1509.29730032279,1512.88952180615,1495.50885508588,1521.6274789388,1563.88985017928,1446.19757529356,1463.82412004245
"18",1551.84808194503,1572.93640127879,1513.64181631119,1504.99297664182,1463.22701006453,1436.10732276248,1457.33820692467,1427.08781245157,1411.97243159581,1576.56089890238,1516.19039647662,1431.08857119152,1494.40914095569,1484.21209664214,1531.98346839273,1613.98166707948,1513.47841067086,1530.69592288626,1459.37289452616,1509.89376860618,1465.86592267497,1469.75101825285,1503.79799501197,1517.22134101409,1505.52359011873,1504.09901623478,1532.83792352861,1552.67940558948,1437.60741414465,1457.11196388405
"19",1560.4705001097,1559.05481440326,1520.99186827649,1494.4336670253,1454.8754282753,1428.18328207118,1469.3154985049,1417.88590334325,1425.31736218516,1582.46110558304,1526.95325252431,1443.19879567896,1485.54026882519,1495.37516361387,1544.30070141581,1601.6644340564,1522.22643864032,1521.02629646625,1470.64462844748,1519.76382797181,1458.08587164617,1461.0029902834,1492.52626109065,1509.26317677564,1493.41336563129,1512.20826127875,1519.49299293925,1563.12865300357,1429.49816910068,1466.28124833194
"20",1568.29837265497,1569.49416352408,1508.41769910431,1506.75883914395,1464.07733738362,1419.01399762329,1460.08488275116,1410.80192287761,1417.6645918068,1589.17326174143,1514.97596094408,1437.4678047778,1496.09957844172,1506.20603455193,1552.08075244461,1607.39542495756,1529.31041910597,1529.37787825548,1463.41538565522,1528.41098393022,1449.70882121256,1452.46621748865,1503.67972724121,1519.44950428018,1483.78140193629,1520.7450340735,1509.08558046266,1572.14997254234,1442.07233827285,1456.54813962035
"21",1557.84912524088,1576.72340631633,1516.07046948268,1499.57701506053,1475.55620406987,1430.14828897909,1451.81329541206,1401.91709582256,1408.66292642954,1597.13142597989,1523.35301137769,1430.13102356408,1505.33019419546,1515.83799824693,1561.42630630705,1614.57724904098,1519.96486524352,1538.39325343982,1455.26458790766,1536.56178167779,1458.59364826761,1461.46788286591,1495.05730907654,1508.24010854748,1475.95352939103,1529.0166214126,1498.94955071914,1578.57663911319,1436.26083330683,1466.28660308163
"22",1564.48573132205,1564.39823419768,1526.02512877927,1507.60439946197,1485.28931278146,1424.45071201019,1442.26967282142,1395.84279188982,1421.43612649489,1602.94293094591,1532.28322156772,1422.10363916264,1515.73760667205,1504.35913156067,1569.04608058677,1623.14293985756,1528.9701232637,1546.04525339222,1447.61258795526,1544.83481820344,1447.45935691181,1453.13668187687,1486.0419338922,1497.0384245174,1467.68049286538,1519.99530187383,1511.85642529634,1587.31769598927,1429.62422722566,1477.48828711172
"23",1573.46705565312,1555.8325433811,1534.6031674575,1494.83119939662,1476.28405476128,1418.74796067007,1435.84300625057,1407.32191575688,1415.66855060804,1590.03605636871,1539.62000278145,1433.45918880577,1505.5512791675,1514.49516130419,1578.35035024947,1630.78422025324,1519.98879893264,1552.11955732496,1436.1334640882,1535.53054854074,1437.72089345053,1445.36777220238,1477.11172370216,1489.20340767753,1477.22411545602,1528.32650286286,1519.70283569276,1596.89936891658,1421.74768267332,1466.07335918592
"24",1581.30207249298,1562.51746202394,1525.86211058141,1504.89027306464,1467.70601608305,1429.35866795909,1427.99659585415,1420.257794883,1426.61304636856,1595.73363333761,1531.97872238577,1423.34375833772,1496.88365271546,1504.5405020076,1584.11792613632,1618.79636624541,1510.43582831305,1560.787183777,1429.44854544536,1545.08351916032,1448.58179826116,1455.50481976961,1469.49194942244,1499.71021635785,1488.43351118872,1536.33331212603,1506.82684398065,1585.93226425156,1416.88032671986,1477.47965988985
"25",1586.97256302584,1570.37267204949,1515.25922461258,1515.49315903347,1456.84511127243,1420.25609158165,1439.41152377994,1414.58730435015,1418.68013943239,1603.32672953875,1539.74763206027,1436.48586108808,1486.82457904744,1512.41704655994,1589.82067747644,1623.66372219887,1502.84273211192,1572.77503778482,1439.56397591341,1533.20324191196,1437.63730250064,1449.18900584166,1458.1363997793,1509.61264220004,1477.52682087735,1523.19120937568,1496.32003530034,1591.93745689601,1429.75631843197,1488.33911600151
"26",1573.92268156017,1577.50200481157,1503.85292390865,1503.33769715121,1467.7518015838,1409.81763762803,1451.5669856622,1405.0128680064,1412.27852542809,1608.86263883222,1549.55929164447,1430.94995179461,1478.96936902189,1499.48116743381,1596.13649140439,1628.81081590919,1512.87180768713,1563.19336485752,1434.41688220309,1523.39158232776,1449.1570126951,1462.63847511765,1450.12959051613,1501.93876926694,1490.57670234303,1516.14087685524,1486.41760945814,1599.61132982911,1424.34575026917,1501.02567972785
"27",1581.01042570685,1584.0281255415,1493.82384833343,1491.37961348308,1460.62246882172,1404.38146214863,1445.04086493228,1415.45132196002,1423.71793481807,1614.36209765245,1555.96090564878,1423.54957877174,1490.84964627025,1507.41407436998,1602.07452107598,1635.86114842963,1520.9439087859,1574.16046952254,1446.37496587121,1530.79195535062,1461.06142590907,1451.19906572767,1439.9925429489,1494.67822185824,1480.67015999632,1504.23646364127,1496.41726611978,1606.87187723781,1434.32283465151,1491.04015351872
"28",1586.44660118626,1571.34156181516,1503.73039068014,1501.52855107961,1469.72504519916,1400.45993302507,1436.96876383351,1406.01159125918,1414.78864688036,1624.16418728482,1566.09761584356,1413.5724943894,1479.3299360758,1496.55461825832,1607.48508923878,1641.63777772468,1531.79467810604,1560.71100024656,1440.43693619963,1519.35925923365,1469.99071384677,1461.84158613115,1429.38183565988,1504.86576513877,1492.1028561133,1514.44589957001,1486.26251273384,1611.54348807607,1445.97071343485,1501.19490690467
"29",1595.27441955531,1578.50447151558,1511.72092042527,1511.51407728874,1462.63730105247,1395.78832218682,1427.70622246578,1396.08107197469,1426.16492375447,1612.85750892951,1558.23821196254,1408.42563741373,1473.55330678075,1486.40568066179,1597.68299960641,1649.49718160571,1540.91935022305,1550.57429005177,1434.93747737939,1527.23399602794,1462.82780414634,1474.54703632972,1438.95627200363,1494.46709968632,1480.45497732995,1523.2274102739,1476.99395597641,1622.88800619421,1436.79135642364,1491.00736362414
"30",1601.22104813403,1589.81114987089,1520.9894771827,1501.30464136,1471.8998424202,1409.24361454365,1437.62719729364,1388.55152413217,1440.55508763301,1618.52148321278,1545.53276176397,1418.35615669822,1462.91078637727,1476.40602400015,1602.82985658208,1653.41871072926,1530.52565765513,1539.72352073163,1444.37720808023,1537.62768859586,1453.3347201064,1483.72639334093,1432.95107935917,1503.97586912919,1489.94806136989,1513.437439828,1470.85615000609,1608.58759108217,1429.6148240395,1501.40602907659
"31",1592.53666892482,1575.42098599235,1507.53418482586,1492.17996924299,1463.11833171632,1401.29299545954,1427.59482518999,1382.73717360565,1430.72718184642,1624.6592891831,1536.70494339492,1412.95894022102,1451.53450950317,1468.2085368997,1591.26248052201,1658.54140864942,1540.31562810103,1547.92100783208,1436.50247128594,1544.80422098,1466.33561799855,1491.25594118345,1424.96054961404,1491.93482003989,1478.22877843651,1502.42750790192,1481.46912938052,1616.93133748492,1441.33410697288,1510.83563542755
"32",1577.68284993005,1560.90712732245,1516.86405170276,1481.56698986857,1471.74327986274,1394.34540623214,1420.8459720494,1395.34856353754,1425.17031373536,1629.22278845306,1543.49072971684,1408.39544095106,1445.8705352199,1463.08583897954,1596.65969699921,1647.19689053129,1550.50843439807,1559.48838389214,1446.5348433896,1551.55307412059,1475.61725619326,1479.78914373744,1415.03957478617,1501.56047704308,1489.23871036259,1491.46658389307,1489.41974846463,1624.32309772025,1432.05246877818,1517.78322465495
"33",1583.07288898455,1547.9062294303,1524.1687024254,1472.1373835176,1484.2164285242,1388.68516443592,1413.54132132675,1406.46077842733,1434.85302001192,1634.50899783089,1549.30508024336,1423.24925994583,1439.92390664119,1477.38625409157,1602.21656511027,1655.88126974049,1542.16468799532,1547.01523523068,1456.36274917619,1541.12934593897,1463.00586626137,1471.70667796141,1406.41462663975,1512.9663046346,1498.62465839572,1484.75985096577,1478.92273187609,1630.3902032971,1444.09351786748,1510.56431128308
"34",1574.15411241235,1535.33072243613,1516.77694219008,1482.63440010614,1474.88656164731,1381.82745567602,1407.08305599662,1400.58912338066,1430.47588411226,1620.78585984549,1555.82814399715,1416.72619619204,1451.39070408719,1467.8774846487,1610.3148710054,1660.25840564015,1548.62295332546,1536.82242893363,1468.93825617035,1550.72957333226,1458.14283072717,1481.31647727236,1420.92848530965,1521.8549823683,1512.34779638111,1474.19487142764,1469.2970748729,1616.32887067632,1434.15139778735,1498.29916019105
"35",1583.49205707911,1527.23241654101,1505.41880583809,1492.41143634764,1465.10952540581,1377.70971686058,1398.55200632883,1409.93155137486,1442.74103520429,1629.7046364177,1561.48838579338,1409.55150886408,1446.10449470936,1458.49153661557,1617.0216039327,1665.12144117435,1558.9930810808,1547.24615711525,1479.8991801792,1539.32374574074,1448.53303141622,1468.71667974547,1414.14269898772,1510.24159900005,1521.296156987,1465.30619369394,1480.65521122489,1620.44660949176,1423.03918289756,1506.1662602384
"36",1570.99108533998,1517.63218914772,1516.39158246903,1501.6819844526,1475.67450494393,1368.36728886638,1388.86849173028,1421.29343015906,1432.06550818344,1634.91642365264,1551.11825803804,1419.23502346263,1456.04661478949,1467.02258628335,1624.24051730457,1669.7383929272,1564.86473612747,1555.32862289128,1473.83207460235,1528.3509691098,1443.32124418127,1460.60930912118,1404.45999271116,1500.1243067008,1529.93846658442,1476.91957706219,1494.71654384567,1625.45335714568,1415.17208285021,1516.28355253765
"37",1562.87208198308,1524.80687647568,1504.71964627675,1508.5396932125,1466.72614433804,1362.87702206618,1401.46828925717,1433.30904071343,1424.81029498588,1641.33514694879,1541.78031337128,1429.91055048349,1451.42966303664,1457.75203817839,1631.54859904155,1655.93591381645,1572.07205935211,1541.11169954406,1465.18976500492,1521.04288737282,1435.52167013463,1455.70535247037,1399.06995365666,1513.97874265777,1537.19367978198,1467.8271727281,1507.21751558479,1612.99292690976,1408.66298888456,1525.75317750749
"38",1573.13681674538,1535.27582279885,1498.30092298061,1517.63209754659,1461.14359715802,1355.82062052092,1391.55210242767,1425.66654291214,1414.34587249124,1627.48071099181,1548.28940733693,1424.90380282956,1460.33621479849,1469.42397437068,1637.13114622157,1660.83987046727,1561.80732458981,1530.64275322089,1457.98244178028,1528.84246141947,1447.84195968324,1466.37947853284,1413.28687700388,1520.359318965,1542.68394658219,1457.54389440429,1497.83912905238,1598.8507404653,1419.12741137921,1516.78719029388
"39",1577.58745324857,1543.38319342314,1492.29508287945,1505.31180799798,1449.80334220212,1351.36998401773,1385.66369069742,1438.06728365628,1424.6496606495,1632.05585086391,1538.17876760101,1414.60001467129,1450.59772190912,1479.16246726004,1645.25014957847,1664.24434805013,1570.77331180343,1544.44523233164,1468.26572010408,1538.22084795188,1457.80097623447,1460.01768963735,1404.38032524204,1510.737089671,1533.49066660006,1446.1820156201,1488.36950408254,1605.2125293608,1434.9648283801,1524.42968809517
"40",1584.2596186351,1549.27160515339,1480.27947232507,1514.16737179833,1442.59053253429,1347.90495710099,1382.25921311456,1452.1415942573,1435.32433803812,1616.50370654435,1550.63919783693,1430.15215899085,1459.88052138944,1468.48834119757,1651.25598967963,1669.13916091577,1579.96659178556,1554.55587206755,1475.32212164934,1548.69066161594,1466.07301845211,1452.15750634297,1414.29651207153,1498.33634892686,1543.11289589407,1457.39033643386,1477.16118326878,1597.03199955966,1448.12601798989,1532.68315796152
"41",1588.34258259011,1556.48441482121,1473.07247148463,1522.40129726553,1453.49276312343,1343.82199314598,1375.87863680733,1461.9473072787,1447.13915221013,1621.76264282364,1558.18495858191,1423.85602165122,1474.02270783389,1463.59352833193,1635.41857267874,1677.31969071691,1587.173592626,1544.08605840349,1465.37505360336,1535.52947200616,1460.27646656126,1443.92358087577,1425.63676702744,1491.44764662513,1550.51452777781,1450.71817104733,1487.10825131476,1602.42310122661,1437.45134060127,1543.02833111395
"42",1574.26827198909,1562.54466946002,1482.54895516028,1508.7370194289,1446.41804085889,1357.19897177714,1392.05274610792,1454.33776192172,1435.56679158665,1627.5591947145,1565.25968084644,1418.46491998428,1463.12047724476,1456.04776758695,1622.84873588359,1683.41224301852,1573.25449905549,1556.65589519864,1456.51948980301,1543.38965530053,1473.021908915,1436.46864834977,1416.35396754712,1479.61467575041,1538.09115868584,1443.31653916358,1499.08367869312,1593.14531652968,1432.19240432198,1550.608012939
"43",1561.68804033472,1571.99390175896,1495.12918681466,1500.69987032055,1436.45902430767,1350.97272075289,1403.6251067314,1467.1746881483,1429.29252474566,1636.83697941142,1571.55581818607,1429.36026594899,1454.8670073784,1464.60922507153,1626.31376280033,1691.5244776872,1559.48718257537,1544.68046782027,1465.9427439599,1533.94042300159,1462.24607070415,1427.67881737133,1411.77882767502,1467.46174077784,1546.63872017031,1457.2356327341,1487.26886452111,1579.30636190529,1446.01224872137,1538.52144029207
"44",1548.05341301407,1558.17405735957,1501.3554378389,1488.93576451248,1427.03577015077,1347.73854096871,1415.77804170397,1477.58730272352,1438.52431092021,1640.07115919559,1577.83008502705,1442.99489326964,1445.39052370275,1477.0325941635,1610.13965349975,1695.31097396292,1549.14102928425,1534.33529466784,1452.56576532874,1527.84787069998,1475.36161240688,1439.42900660031,1405.71857303622,1481.51853066923,1554.24826552729,1449.65595090905,1478.72130303664,1565.48465287589,1456.78808693223,1547.45577847374
"45",1540.64166052386,1545.42861500583,1492.42109965723,1498.28779169949,1438.86874102549,1340.12937211123,1432.44382770707,1470.75111724788,1448.86957290324,1647.4829116858,1585.8672341354,1433.39168485816,1435.58481068136,1489.11916681043,1617.02835580148,1678.64518795981,1560.67753829451,1541.79022719384,1466.40471995313,1539.50245047123,1484.1594625394,1453.25071562972,1397.15711555164,1471.10591609401,1543.99447009234,1438.76060494434,1487.51113401508,1569.777219344,1466.3912953437,1557.80193176486
"46",1530.4418491939,1555.68241044079,1487.32061083989,1506.99873247748,1435.08224474978,1335.83680564312,1440.05299656456,1460.90309499957,1441.63262023553,1632.52281727681,1574.21265436415,1424.59383472564,1449.35212716147,1477.36897758145,1608.9161211328,1683.74567677715,1566.99878228491,1533.69857978536,1458.4781384622,1547.42903196217,1492.46162822474,1444.53977485172,1388.885073334,1462.79732911915,1552.62217853622,1450.52471075241,1496.01346018009,1579.342557095,1457.03926815669,1567.6528575272
"47",1538.75043616877,1542.8454842142,1475.97204465412,1519.56640271845,1426.57991858476,1329.19034707388,1451.40697655164,1470.74592522806,1456.63352024376,1617.52191726858,1561.09711266142,1416.2916690403,1457.75316259321,1466.62311884322,1617.00776854128,1689.89885624269,1574.08642589263,1543.89839111531,1473.43823287119,1554.66598462987,1479.32266959582,1455.44200813873,1402.54935117063,1455.70968551143,1542.77125277388,1440.17944876938,1487.38575173621,1565.95058576699,1463.68572672592,1575.00571182574
"48",1525.46632087935,1536.69230474867,1465.06981136711,1526.89402003545,1420.25867459436,1322.84081902136,1462.15283528987,1460.72518951031,1470.02549157176,1625.46713931709,1566.42037683838,1409.7717335635,1470.18303066905,1459.62115909413,1602.95097864989,1694.30187856042,1581.08838564172,1531.46852303947,1466.08537857265,1545.10064687888,1471.30143687026,1445.59917791024,1393.31756499608,1448.50324078827,1550.20381602331,1451.52801495515,1476.03177174912,1573.33248712448,1472.82031349909,1581.40654643191
"49",1533.77364947447,1543.193506852,1455.09025245101,1531.47452290572,1433.54278988378,1316.03119969777,1468.5023633424,1455.1407771819,1480.04622728951,1631.0515516455,1555.41776158314,1403.27053146018,1465.78000835132,1469.56811064705,1591.41446963963,1698.331662239,1589.73491477902,1542.47113829471,1457.77804997752,1537.15542483036,1480.64619221745,1439.42596006412,1384.91652956434,1439.15848544108,1537.894667018,1444.09545170572,1485.87979399743,1579.78559621308,1465.43841214161,1586.45362656283
"50",1525.12712033717,1537.38387821174,1451.06046877243,1539.98820759341,1424.40820311061,1311.4506968275,1480.81151234771,1445.87829873209,1489.92285355637,1636.9741194904,1562.6242063063,1414.30742810816,1475.75956726743,1479.44925396674,1598.25065511527,1704.14129087926,1594.49703299927,1548.99107377151,1447.8310984246,1525.69021592343,1474.72362437254,1428.38906341613,1379.59326538738,1448.44443182812,1549.43543574347,1437.69461709955,1497.34500290437,1590.1560623622,1455.55726882193,1592.66280182823
"51",1512.11380997301,1529.0130783573,1444.16553731804,1550.12041550028,1417.08058579361,1306.65955667727,1490.07399079752,1436.59825712508,1479.48566343585,1624.61847393014,1569.51913776068,1405.02148172112,1465.88294100057,1470.93556927905,1585.68298487431,1687.53641116336,1602.8678328537,1557.01230649707,1441.62192315921,1536.58930372188,1485.16081449306,1444.99394313203,1392.7322240163,1439.88574429717,1556.12951739215,1444.50423642314,1489.68869922495,1599.00881717978,1448.10621842916,1582.29233567911
"52",1516.90495012324,1518.66471943106,1450.40226470001,1541.26766068269,1430.09389615777,1300.4228292953,1498.87190206472,1431.53695552631,1468.86490089433,1629.67977552891,1579.13394418635,1396.07104746738,1457.8903963234,1480.21561088606,1591.85620272043,1692.57366300268,1588.4094214065,1546.11321869862,1450.57235741294,1544.58184839905,1476.90859152183,1436.27331208622,1387.68514388538,1428.3728246172,1546.51471096648,1438.05112733453,1498.40933027076,1587.17174942544,1439.30830716197,1585.58934688857
"53",1527.25330904949,1526.07192401675,1444.30431057441,1532.53646613019,1423.39981450909,1297.12581808584,1507.43058959568,1441.1421094436,1482.10367328765,1635.80889231992,1585.59376473136,1390.60419353203,1468.51115886492,1487.79728829566,1580.31543399496,1699.22051927096,1595.08923810301,1553.56426909138,1444.11253686793,1534.44964049218,1485.25908374762,1450.73172353342,1382.92302566513,1441.2841849793,1554.76693393771,1426.4775963084,1493.37207843144,1594.31979711327,1451.78685666501,1594.32054144108
"54",1514.77475954644,1533.76097236929,1436.61526222187,1519.62510576809,1417.81146172608,1292.53396094848,1512.02244673303,1453.15436988192,1490.00823942348,1620.10662877438,1572.35499233804,1403.47874301414,1461.83134216841,1481.66817150465,1587.97173767438,1705.08259212736,1604.43582620767,1565.91991465164,1454.33338563124,1546.28670824652,1478.11103605979,1463.63970030689,1394.49655669126,1452.75103769795,1541.85895716424,1419.07039172272,1480.49752894933,1600.45490009684,1441.5660079017,1602.78161689885
"55",1503.82474893453,1544.60079827726,1427.09093675473,1512.43917256364,1408.20630780879,1289.08090957227,1500.01018629471,1462.67869534906,1483.18759707961,1627.29256197884,1563.00840423338,1398.5929325939,1454.09483268661,1492.61818211656,1593.56009045738,1689.34387558044,1611.25646855154,1571.38676858699,1444.60117885735,1540.42463539011,1493.84975260671,1473.37190708079,1386.91487928166,1458.36031847435,1549.59546664604,1410.71989949693,1469.38165612472,1607.97444009656,1452.68188072631,1610.03712216159
"56",1492.83663191576,1554.7445464865,1418.9609819131,1504.91963256392,1400.30174167297,1283.47162879587,1487.21662123797,1456.71217683074,1473.12898925554,1631.80563300519,1552.16857832541,1389.9094698887,1446.84496237161,1481.15132939791,1599.65804458299,1693.98086296933,1617.22298706985,1564.73991231872,1453.28464156255,1531.96355993234,1482.49661406181,1481.24768666076,1398.42779896162,1451.18965997078,1539.4517184368,1426.42216304247,1480.36977314349,1613.02303345049,1446.54677774275,1595.88986921761
"57",1500.96658675739,1548.55048862781,1411.01100915514,1497.66412730118,1413.0953067297,1278.42848509682,1500.47080091655,1470.85942977472,1462.69094180689,1639.45419359443,1559.41844864041,1399.92796392866,1455.74810336848,1491.20993722198,1604.54385500322,1700.17492082802,1603.47585316266,1568.19296369494,1466.47643176227,1539.01594778986,1472.3272200211,1476.61069927187,1390.55201938165,1459.51840382907,1528.33444159287,1419.36977518496,1494.11690705068,1599.91825496238,1457.89991628765,1585.04851918872
"58",1513.83430621116,1540.90192803857,1423.15789138538,1509.2995998544,1408.58223570335,1276.80689238946,1511.58807776047,1459.24634189736,1472.61124372874,1643.03325951433,1566.58910714398,1392.57442223944,1447.40455420653,1499.15990997993,1591.28967532465,1701.79651353538,1590.60813370889,1555.00117349522,1459.92188833319,1544.74654365419,1477.37036372015,1486.78009331259,1380.53352534169,1453.35294764868,1514.79190194662,1414.32118183102,1501.47044873991,1606.08371114277,1468.3379637363,1598.38963537834
"59",1522.17785537312,1547.63702639648,1416.42279302747,1499.36546659075,1399.67909470647,1291.73339059911,1521.52221102412,1455.27804445179,1484.0097878452,1649.43844432676,1577.43045717288,1384.24567838114,1438.67354702712,1491.73285695385,1597.84421875372,1705.76481098096,1598.03518673497,1543.365700942,1450.00158641134,1552.08520911858,1469.24734194778,1474.63321108235,1374.80292947736,1444.1339931701,1527.14301888234,1425.93426970838,1514.57522722803,1595.49723605768,1461.90190234607,1606.43176394282
"60",1529.47648809966,1538.88856568108,1425.12915297487,1512.29660238854,1413.22163435272,1288.11464847483,1510.12366690767,1446.84364536863,1475.24492300028,1654.34665407554,1566.70225357831,1378.7190330605,1452.10191162854,1500.46386413326,1604.28028014395,1692.42369479133,1585.68406979925,1551.48872271436,1442.66292094695,1562.81341271315,1480.54463135699,1464.26693848469,1371.22386355745,1456.79558485212,1535.90788372725,1418.63563698184,1503.27793781881,1603.79873858825,1472.26817494373,1594.03300717028
"61",1521.43435953518,1526.22697399906,1413.80125104715,1505.89141757612,1403.377449263,1282.51273291382,1518.55806599083,1456.31558370108,1487.55595179488,1659.82319569915,1554.04923508004,1390.04693498822,1457.70382718955,1488.8153995322,1591.34914434615,1677.46054149089,1596.27054488434,1557.015368035,1454.31138554801,1549.38504811174,1489.76358583557,1449.34044027504,1362.51750361005,1468.97726576995,1527.60638119669,1428.47982207157,1518.24109111926,1591.03888066862,1484.92119344199,1599.32762384604
"62",1533.83311630772,1535.99716228312,1425.95343847605,1516.51561191083,1416.57627654575,1298.74593200697,1505.35923870808,1447.24828476952,1498.91577490294,1668.35711559395,1557.66797720432,1404.33645740272,1469.5818200002,1497.88269846375,1600.09760506155,1681.14566567782,1600.40238844696,1544.7043392404,1449.40317579923,1535.09552569725,1477.61139840667,1442.36110236029,1358.38566004744,1478.35266955555,1516.98218686198,1419.00788373912,1508.4709028352,1578.97036420535,1479.44465181838,1604.56812787862
"63",1521.65143538989,1547.40649805222,1438.50255557269,1503.96649481419,1411.28165986999,1294.20142490166,1518.11909662771,1437.87288098392,1504.89698113999,1672.46576114333,1564.64731511906,1419.44823696718,1478.67168892447,1508.18735717228,1608.51663186208,1686.74349132103,1585.2906088825,1536.28531243987,1456.84180861172,1523.73570258919,1486.60028037589,1433.37222039107,1350.94702723495,1486.83481874084,1511.38436121877,1415.3227595522,1498.16624412667,1566.68294205947,1491.37617812311,1611.29747232178
"64",1529.61371791227,1535.47497174749,1431.08186678946,1514.08797502219,1401.39796682375,1289.61752088676,1530.18761309098,1428.78301205965,1509.48088515489,1658.1464593166,1571.64031350362,1414.2077329346,1472.44267919274,1498.06587696428,1599.98271196728,1673.60469212386,1573.88127311339,1520.05211334672,1449.84881022716,1511.85770977854,1479.87093593274,1429.26357484169,1344.9658209979,1497.61762276738,1515.92886832407,1425.20645259843,1485.45088277289,1572.32920376183,1506.18780254772,1616.49015372367
"65",1519.22003984559,1545.03135754491,1440.59386093807,1503.30517099565,1414.11332817753,1302.93360564262,1537.6083018742,1422.00939924639,1496.48869243011,1668.1650701804,1582.45426858049,1402.24076330627,1480.81077348357,1510.35329911017,1589.1687568904,1658.79306769925,1587.02007231056,1510.4957275493,1441.88652770478,1526.17701160527,1492.86074416275,1424.0708934398,1356.93279062623,1507.86424235269,1526.32254639075,1416.72430341314,1478.35049602815,1563.01716218901,1495.9411829624,1622.7191634554
"66",1509.74880295234,1551.80497035817,1430.63106670673,1514.55847387039,1404.60133402892,1298.82240900815,1547.07953876746,1430.15794515836,1486.87016388893,1674.53119310737,1570.84849804814,1415.23295603106,1469.97912125886,1517.72183500035,1596.26914363515,1648.77445683545,1574.03026408055,1500.95094518325,1451.84932193612,1537.78278213762,1500.90628569114,1416.02535191141,1348.78424471427,1497.66528792198,1535.8673287568,1409.35576752296,1471.03681295959,1571.72079411723,1509.43637865774,1609.22396776006
"67",1519.36733149351,1542.35253889812,1421.78882271466,1501.27366453385,1398.95507232655,1311.89984067218,1535.82623589272,1425.73315541388,1500.25308402233,1659.24124615976,1580.30092950819,1406.86486174023,1485.26906820647,1509.01820307213,1605.58118520798,1653.19924657993,1581.34394714911,1511.14989961397,1462.68097416083,1541.89397877209,1506.78774127853,1425.53442473509,1342.90278912687,1508.94444439665,1529.50120582983,1396.03968276709,1479.87905695166,1582.1969757129,1501.47699104841,1595.84104762667
"68",1510.01479350331,1531.07338242345,1414.03748612371,1509.0250011248,1389.44599950287,1308.53143011065,1543.7515081762,1437.84571485003,1488.14052458617,1645.69700810242,1588.27755893836,1397.4016983552,1496.24358548126,1501.04157364196,1609.19374558624,1656.79352842024,1589.30333475844,1520.2522749448,1454.75570187735,1551.24651676229,1517.48560201461,1434.99758812012,1339.29022874861,1514.41575069857,1519.23506306483,1409.32449210363,1470.77668162083,1570.43615545785,1492.68778010143,1602.38922279241
"69",1519.75658088435,1520.37552168737,1428.9833956909,1499.3337826264,1385.85171766256,1303.28490651628,1552.54071912318,1452.02867720833,1493.38704818054,1650.1445217109,1577.80137734269,1387.06938559551,1507.84991335344,1491.29978626092,1595.02000074959,1662.91053231989,1592.67174531997,1530.5184177098,1468.929446714,1558.02011453816,1509.68089897607,1428.22399034425,1333.81892244669,1508.29874679892,1508.26054579004,1396.24706043959,1464.22850645509,1574.51421014477,1482.00502417675,1587.44331322522
"70",1529.44779938275,1532.13634194242,1441.2263827585,1511.191733416,1396.18403042225,1318.376157393,1540.93439125099,1440.43503955537,1488.07305268814,1655.65055208655,1564.6441509364,1379.98250447682,1497.86283181127,1498.38666737962,1602.82470378813,1669.98003837499,1578.48878296167,1544.06265576714,1479.61220263869,1550.95060848306,1502.29936041491,1423.77647673577,1329.74086775978,1518.2858283411,1496.01755872244,1389.97032095094,1477.38573286139,1562.4651233047,1476.4989938011,1577.18563817822
"71",1537.96044836455,1538.41308143107,1450.26661473916,1503.38758720123,1407.7776680752,1329.97229288033,1546.60704279269,1433.51282260826,1499.64201122683,1662.24043521385,1552.78620014679,1374.30985293512,1504.70693250122,1483.2954165029,1610.20624234928,1675.2940338674,1588.74645800868,1532.22861189342,1491.44624651241,1557.87282543017,1514.34844725497,1416.43150915711,1325.1156806633,1525.63079591975,1488.31216944941,1384.34117153881,1468.87308387959,1569.34355546887,1462.39812053534,1584.89102745125
"72",1548.20926599057,1543.03826852754,1443.38818257499,1493.70296149279,1398.73743609454,1326.22562236268,1536.35822516667,1444.8227660234,1491.03085465904,1665.49214681064,1558.41534955892,1362.71371744778,1513.49517084579,1472.88054666817,1616.9152410818,1678.972070753,1596.55060422345,1525.63872876612,1484.73724777989,1549.55603086336,1524.03307296342,1412.75347227152,1339.21655392906,1534.56079131967,1479.38217404949,1377.49707084886,1479.28795371431,1559.89831536995,1453.60988219076,1588.6376979689
"73",1556.82042255836,1531.46930998885,1450.99465310651,1502.30528574811,1410.83963149857,1340.36886136976,1528.18871380256,1436.22044176808,1482.69959091459,1672.5431566663,1547.6413315005,1358.58345591367,1518.86131405145,1460.77835126414,1625.23203564862,1684.82461770326,1600.68086575755,1519.78618181585,1495.86347434246,1557.8872946078,1512.90684640086,1426.3169988191,1333.85041072341,1522.66750596766,1465.23893504242,1374.24535925208,1467.97801029917,1552.84730551429,1465.00234271089,1598.08293806782
"74",1562.84971572798,1542.24332804727,1443.02879025894,1490.91282522798,1404.81033832895,1333.05976599093,1535.93005417287,1443.52953714691,1472.8332259829,1663.13488728819,1556.16198069341,1350.97698538215,1528.68994747358,1448.33798426788,1616.93062339508,1693.1260299568,1608.85037712167,1507.15899948681,1487.34282514955,1563.74595344824,1503.07821297872,1438.94418114814,1330.26425604203,1530.63336881523,1472.06386354949,1386.68572624833,1479.87129565118,1540.77724003721,1471.30765813522,1601.6690927492
"75",1549.53151313163,1528.67980149969,1456.34699285529,1481.3800872016,1398.95167948852,1326.05973332932,1541.88052134503,1434.34897950801,1464.08891259561,1670.34980299072,1562.91061752274,1344.15205687509,1541.17648267487,1440.59664389758,1604.44408819379,1702.53429933491,1596.63638802112,1516.69173751319,1497.20919008124,1556.53103774571,1491.74123312722,1432.19554431881,1323.9589406177,1542.84735791579,1481.24442118839,1380.73525907616,1491.94136112825,1547.80633728621,1459.9556657847,1589.59866138687
"76",1557.59473441107,1540.75023286201,1467.68397270679,1473.31686592216,1394.09779452251,1337.99337134711,1527.54865042983,1427.31988225901,1476.51711127671,1677.63699395622,1573.67725393266,1339.2751438548,1545.94170170684,1447.59667655919,1597.19465594511,1709.78373158359,1601.49027298713,1525.43605090048,1505.35948614797,1544.02813549377,1502.76821987246,1424.04524825207,1319.59438748439,1550.17250366861,1471.55220662338,1395.06712999136,1501.63357569326,1555.69461537234,1472.38122197852,1578.83202497696
"77",1564.01149890428,1545.6271458823,1480.18687495872,1465.42858783603,1382.16415650472,1351.65871091408,1516.5216636846,1420.9031177658,1465.33908147639,1683.15732122811,1566.39006296716,1334.50992482283,1533.51614551301,1440.27153080637,1600.80710837992,1716.18352784007,1606.16165301664,1510.11942579885,1495.25224993545,1553.84729203157,1512.55192660705,1435.3972406026,1334.91101258602,1537.74430498751,1457.88686705641,1390.39574996185,1511.74081190578,1561.07768530599,1468.43580240029,1572.43222872048
"78",1551.24782811317,1549.99169901562,1472.78123364619,1478.19225862714,1376.78108657107,1363.62574957346,1525.26932228475,1408.93607910642,1457.72848327803,1665.5315971853,1575.44668913437,1330.89747238802,1524.4595193458,1433.36131361841,1608.3201814849,1720.1289474183,1594.8712665946,1504.59909852696,1485.46854320085,1562.43923290428,1505.03885350207,1446.57527040291,1352.53673662883,1527.92514844971,1471.6372461656,1403.75293364851,1498.38362821911,1572.36807172803,1460.03446279723,1579.83787003301
"79",1558.15804530113,1557.60229721398,1464.03357504604,1489.61398915103,1386.4026263829,1354.00420976164,1516.21311846174,1401.45517494105,1453.08548396894,1670.17459649439,1582.24187899271,1328.97419868003,1532.86085894886,1448.01053148454,1593.67096361877,1722.0522211263,1581.1208874854,1496.00715765425,1476.03122703617,1546.57651410593,1514.47616966676,1433.9328384812,1365.17916855054,1516.50341792582,1484.45791890431,1398.42751837872,1505.86453238448,1559.54739898933,1453.23927293889,1585.16328530281
"80",1567.21424912414,1570.73357201349,1457.28157911673,1496.72773437115,1379.28888116278,1368.11649712887,1528.17201454082,1394.6505816449,1440.0668875842,1657.04332169487,1570.83007280925,1344.83691747838,1544.27266513232,1459.58775473884,1599.37205101685,1725.95734745067,1587.87288341471,1503.27017902401,1472.1261007118,1555.65521194359,1505.3974718291,1428.23175108312,1377.66082719513,1523.30801122198,1496.58613430902,1391.16449700896,1491.75224501725,1547.41918358462,1440.7576142943,1573.20438922373
"81",1572.54045582683,1581.5559919247,1449.15942078188,1503.87143340062,1372.41732769471,1363.71427647855,1538.72542658796,1387.50688261543,1431.92540014336,1643.90689841331,1585.02018598328,1357.85551386312,1557.40908841389,1452.74611515795,1588.54963110564,1711.76723427663,1592.27510406503,1491.69295576971,1459.47224756854,1562.46369897565,1513.53895926994,1436.23341636311,1390.31468033839,1531.43016955683,1505.22949965795,1385.83829030627,1498.62379848531,1536.86577153749,1433.94912726224,1580.04602880462
"82",1581.51724929951,1587.60125509325,1440.51605543294,1513.91052149054,1384.68904091995,1357.41322101595,1549.90915334036,1377.45885703744,1443.62887831244,1632.22804783834,1596.69903655825,1349.85384858313,1544.66260153654,1440.47440193271,1594.37202560647,1714.48368346506,1600.5415322763,1479.98947760063,1472.21873444589,1551.06476621284,1524.93789203274,1430.18815319456,1387.59823114996,1523.16374134556,1495.19041156803,1395.88631588425,1504.92485394791,1527.88897806481,1428.12673276141,1568.86230205222
"83",1569.85331685774,1577.86305045966,1452.52983127331,1504.3126368658,1379.11570112579,1353.11123118808,1555.48249313452,1371.58092324747,1434.63408388336,1638.10671874483,1606.43724119183,1342.12571240914,1539.19511219278,1433.61418509114,1603.13195823251,1719.95117280881,1587.85690025678,1474.11080669414,1463.72457445527,1542.30483358681,1533.43205202336,1437.91628936855,1403.012560669,1534.82767378732,1487.27963984937,1391.62977567074,1517.60948596743,1537.48686268955,1419.72157316168,1576.77307377088
"84",1578.84859917083,1588.68363249313,1465.409258864,1495.26457664385,1370.67155397313,1366.80136974626,1542.60306554383,1365.14021236018,1428.65745694253,1643.70843352469,1595.61665915836,1337.1823131795,1533.97410149362,1442.0583322438,1611.39888365195,1725.17218350798,1575.86212555638,1468.50909191428,1460.89897585562,1534.03790816736,1523.24898680544,1433.04663911556,1397.46151965652,1525.83239147423,1479.79997250609,1404.45200649267,1529.60426066783,1546.53492291149,1410.10491145418,1584.25274111415
"85",1567.33440432081,1598.88315455897,1458.43891789214,1486.72963671382,1367.09467090113,1360.44369709182,1535.46756313575,1355.19646560557,1422.96513283788,1629.05379208826,1585.41713709253,1335.73297845633,1528.98164399019,1453.87251987742,1599.20833817528,1730.16464101141,1584.53852885754,1483.16373335072,1455.63501938112,1546.22845364404,1514.0787142963,1442.66330082306,1391.36186389418,1537.34658632426,1492.7189474155,1395.86492671111,1520.92785736667,1555.06986284152,1422.41652303088,1571.33376620475
"86",1576.4734225064,1588.49576538061,1465.55184284854,1478.67164515056,1377.03841765574,1354.71831099857,1542.64071830316,1348.08354064916,1417.1433917752,1615.08528523181,1595.80452627089,1332.11315893034,1524.20139888149,1462.45959965898,1607.69516483589,1734.94488612011,1592.72785311674,1497.13224020716,1446.73424505152,1537.74162698343,1521.50001744834,1434.50371688888,1383.45056883926,1528.20756813866,1504.9438224123,1390.84382630775,1512.73853310747,1563.12785440478,1414.99521987884,1559.10889120794
"87",1585.09308776706,1578.70609740414,1472.80824697655,1487.66643957964,1388.47591582456,1367.7236313102,1533.4536972386,1345.18022286699,1409.96995720874,1621.81501015451,1605.59419424735,1347.33334770283,1535.81653015653,1449.45427934735,1615.7085133758,1741.36160087561,1600.46540837201,1490.40251528446,1437.67696200999,1529.72827844351,1509.45559412569,1427.33056172148,1397.07830271525,1519.58790287801,1496.49030970359,1404.31003642313,1505.0009778522,1573.99209445699,1408.79451663277,1567.56240391666
"88",1593.22972383205,1589.47845770685,1482.86874749674,1473.97630102146,1402.7685571966,1360.4672271822,1524.22092264153,1341.07725325963,1423.0174286391,1628.20326839593,1594.82183394465,1359.87658198502,1527.07100425226,1461.49870267,1626.06798637576,1747.46071555958,1607.78484304998,1484.01425704304,1425.13372772779,1535.60621223349,1521.48924394928,1415.89306355265,1415.18870213512,1511.45126681302,1488.50786527788,1398.86285445804,1497.68154317423,1584.23305332413,1397.41244738273,1575.54484834236
"89",1582.36548377985,1579.63224031329,1495.71511606289,1465.01474216277,1395.27873996375,1371.84929643224,1513.23809478433,1334.49628420252,1433.03448437587,1617.84379539598,1604.66805133821,1351.45527791707,1537.25406947017,1455.49780580031,1615.83131933297,1753.26630318143,1616.85955569467,1492.41941664277,1422.73781954368,1540.54961146314,1510.09510556673,1408.59136310085,1423.61000620307,1499.43749097265,1500.90216967372,1408.08690473395,1510.18597490945,1593.88468289383,1407.3510351186,1566.47013569768
"90",1572.12452491271,1588.37776621757,1487.97674101888,1472.92603721769,1385.34015222788,1362.62524615633,1505.0479948367,1348.2454280495,1430.57093951191,1628.08046243877,1598.2513365827,1346.27425563272,1533.31687647907,1442.45372579751,1606.18373201051,1758.80039658068,1625.41931566554,1479.59718582083,1412.75006301646,1546.64926722547,1506.54477673875,1423.1632015697,1413.5929504663,1505.7951636271,1507.34288056102,1402.14802607944,1519.14753376815,1602.98303433763,1403.0196949984,1557.9103757268
"91",1562.472895343,1597.98568408028,1482.37142435196,1463.78610182167,1380.2431549907,1372.53006849461,1498.7341213164,1343.02975220912,1419.60592689024,1637.72804976123,1592.15222189873,1359.31833563552,1518.09668770659,1437.27654436841,1617.08916395123,1765.6555441164,1613.50034187055,1491.89674714456,1425.37876376053,1558.21797367562,1494.57707886817,1433.15095809692,1424.15528132271,1493.98097599348,1515.5024644952,1396.9383052217,1524.87291986139,1613.18464164771,1413.91446335901,1569.82934952179
"92",1553.3745438992,1601.60550360627,1490.42618294193,1474.91027598966,1394.79897693761,1368.91474243808,1489.75871348347,1339.1254217774,1413.3563667195,1626.82261782051,1586.34663427688,1349.41351329725,1525.27012227305,1449.24424223898,1607.36924200448,1772.15964405684,1602.24996775241,1479.58513556786,1415.34354925081,1553.96162264646,1485.82903930405,1422.5886272405,1434.19049583243,1502.88175032309,1501.87473061921,1407.90331784336,1516.47591524554,1622.79921558092,1405.85970476904,1581.07972363993
"93",1560.23476074076,1590.03679715612,1502.18804359389,1464.84977546946,1386.39260015771,1360.46729508549,1499.89578134302,1353.87156596466,1405.84240431587,1636.54253976726,1580.81254087763,1347.86615757626,1534.01639179663,1461.70495008796,1598.20694917306,1778.33949086713,1611.64139213562,1488.64241860939,1429.5412445364,1560.16232589253,1492.05448403284,1415.62025856702,1423.29572747182,1512.02168571911,1492.93956584253,1419.43959311834,1503.00970513017,1611.8628898823,1414.3744345557,1571.68829925672
"94",1552.14310159504,1597.19855483455,1490.17679904964,1471.43074452657,1397.62817217417,1355.13005181928,1510.22337875895,1345.35683617801,1395.60602375113,1645.70483259867,1569.19740960258,1341.64071284747,1539.19741408097,1450.16867481298,1582.79261965402,1784.21971061633,1600.49649183824,1481.48066093096,1418.30567251994,1569.3951004896,1484.41905090667,1411.41973061461,1431.74317482441,1519.32338617091,1505.68291289042,1411.81724557375,1491.88553096218,1621.55345775407,1407.03505195768,1582.83319955411
"95",1561.31337410418,1608.65232260442,1480.93104813706,1457.6816006796,1407.86455273892,1349.41536440613,1496.0462402634,1355.64253021937,1391.92661323451,1638.84968506296,1574.74845061507,1355.28556573251,1531.33569335817,1445.36300164146,1588.76924659485,1790.06753752012,1609.98853896374,1472.73439140739,1431.34449080304,1559.28484159317,1496.32239777205,1406.88547273024,1427.31037766185,1506.27591474055,1519.82982995082,1425.36105595651,1499.37534819503,1630.68826148171,1401.30091860474,1573.34115242861
"96",1570.94897622209,1614.65321947411,1475.62927280193,1450.64310920809,1399.95156823678,1345.05116017902,1484.24637468377,1369.81966871493,1388.13883278659,1632.34558512251,1565.14053275236,1344.99987169115,1538.30406203166,1438.50927820256,1594.4615706995,1795.64071553877,1599.78693165366,1484.12852978994,1443.35573534728,1551.08492059267,1507.40413192472,1421.57034386261,1420.09925519445,1493.64721399648,1529.24178187543,1438.01965260594,1489.96339627042,1624.84043457792,1392.85446235402,1560.94684803277
"97",1580.13599728665,1622.5149401969,1464.55098936464,1459.04948598799,1388.22087084365,1338.28410662524,1495.59727881606,1364.02710696856,1384.6954826732,1626.16573831222,1577.59314022357,1339.20958943124,1547.05210159578,1432.8238049071,1585.73732830173,1800.95964362521,1590.17235772045,1474.40243101829,1455.71718911566,1536.52909864576,1498.32419694031,1434.22447991078,1433.13709833764,1503.37331276812,1534.45745771581,1449.09793604323,1500.94622412762,1619.26725655927,1401.65389399899,1548.64728670904
"98",1565.5641588178,1630.7148611974,1474.10650779602,1474.37801249694,1381.50580287716,1330.82413919119,1486.3019116211,1358.30737992456,1396.69819148569,1620.28551856302,1583.41488128625,1350.94028682437,1536.03973977355,1444.62367048673,1590.75842870509,1786.04293250712,1601.10868341907,1487.48263714204,1464.16364536638,1524.06839079679,1488.47005128363,1428.50879972344,1430.9368975536,1494.52123695668,1543.43286554873,1439.54241761185,1511.75814488999,1613.94832847283,1399.82632413072,1539.01168459113
"99",1575.67441771422,1635.0462013176,1485.68509449118,1460.7331596119,1374.31229158021,1347.61985323732,1478.60941575411,1355.37629945539,1393.09000474721,1634.85676800364,1575.02012273557,1342.1408551794,1527.32777728286,1459.89538816252,1578.0150816572,1791.80428083745,1591.4181155473,1501.5786149451,1455.23002702403,1536.02674764367,1494.49090096547,1435.96876715749,1428.78581053239,1484.38416909713,1552.28494136018,1431.86460662445,1522.77050671223,1628.86503959092,1394.08415308745,1547.94684936782
"100",1583.41279275823,1638.66152737412,1474.70202216506,1473.01311608263,1391.32701043158,1341.83069949022,1489.06620354091,1351.06158585313,1385.39671671216,1639.72641825663,1580.46730470066,1336.12000549756,1514.28895899976,1451.41899153346,1586.74516647774,1777.23303139683,1582.28331181966,1509.09257734873,1443.22731821153,1541.36399090988,1484.03411317867,1428.00463059003,1441.19241339724,1481.45605826282,1540.52308070822,1440.78146363587,1534.17608584941,1623.1036912606,1385.16729607603,1533.65420799578
"101",1588.62251361597,1624.56554957106,1482.39531020011,1470.28481075365,1384.60846669891,1336.31181419615,1501.48467276739,1342.024153219,1399.31968017408,1644.99037473112,1584.57027430802,1350.48439690758,1520.00364641292,1462.40206385959,1598.17073781676,1780.05862999648,1586.58530164753,1516.43195994675,1453.1687496126,1529.08403443915,1477.52724393124,1421.69295968597,1431.25098199617,1489.36904276496,1526.97927032546,1449.19429191545,1526.84220055916,1627.36023147411,1376.75446779645,1524.92412317525
"102",1580.5772621582,1629.09980745544,1469.44508469235,1461.55393675902,1393.64589933303,1330.70996693708,1491.7933546971,1337.75906630244,1391.31108265079,1652.1258771392,1571.72390574188,1349.00961668659,1507.34504976349,1475.55049156005,1589.09474498002,1781.50796471964,1574.08086991231,1525.67771085933,1447.4760895142,1516.04619129596,1469.92186491965,1412.48286262083,1443.98425104514,1481.70145918145,1514.61781655709,1458.40438898059,1534.05332302657,1635.45189061983,1389.70469330422,1536.1881516461
"103",1575.79257602871,1636.43369274568,1477.45368221563,1468.3209903128,1406.2378645931,1344.67098619199,1480.83529057816,1331.38957181377,1381.91970230939,1639.67326966799,1576.82090297906,1344.75176352298,1501.35494507787,1485.80210195015,1592.99907541174,1785.44515771075,1581.05121088417,1531.4702726057,1440.05121499459,1503.39205524779,1476.29135940832,1421.87424296224,1438.00485770582,1488.8949704784,1523.34869055172,1469.36245309953,1522.97158887389,1639.02877369184,1386.45908707423,1529.21747306161
"104",1583.42800915489,1644.50968465548,1487.64615852622,1482.73571617015,1419.03030335296,1341.91543425963,1470.22774329657,1326.59392513412,1394.94708152305,1648.06802821867,1585.01100292668,1338.56582726693,1510.28856342022,1473.21013669008,1581.04071856486,1789.70150873991,1589.44821550002,1520.11936847341,1432.42731831934,1513.24620090448,1462.33034015342,1413.07642207415,1430.22464624134,1503.62179612645,1514.0725171685,1463.84520146604,1528.69131591789,1647.75301608961,1381.83627404262,1518.40555229923
"105",1568.74313802251,1648.29746510339,1495.52970069812,1473.31226572911,1412.98444656518,1338.90472340061,1464.81683514663,1339.54920949997,1390.99837571407,1636.6142604488,1571.93079680293,1350.84802119523,1502.78933930356,1484.14182018501,1589.75268105555,1771.59110932004,1581.11078481365,1529.41473566837,1419.47203395349,1521.72259753353,1453.21398036411,1407.44983593035,1424.04329672128,1509.41094987355,1501.66591430366,1472.64302235413,1515.95804686892,1656.09044677598,1374.42708120897,1503.65940811197
"106",1560.66714611272,1633.02574742761,1489.65517731323,1487.27486723625,1405.10090439327,1350.33979649206,1456.09810667156,1353.41830236303,1403.00951063969,1625.18868910978,1560.52521766575,1342.65275406861,1512.21278974459,1473.94934387443,1598.91342583554,1773.98701750416,1569.07713499006,1517.83614897321,1414.24524115857,1529.40040852093,1461.83795941896,1417.20275909808,1419.2786627295,1514.92983516762,1498.65856874695,1480.77573107777,1529.41265106252,1658.99376455814,1372.73103307572,1511.28175565656
"107",1571.92490749115,1618.61102157026,1479.62058634118,1484.31816962672,1396.47692533843,1341.87626119004,1467.70466494015,1349.80300746479,1394.84437446417,1630.36587053888,1551.36447288576,1356.43126006337,1521.90410781488,1481.35853670808,1604.598899131,1776.45056236813,1557.8131065192,1509.71522968826,1422.4405082852,1539.00537306064,1449.82682449333,1412.96755973035,1406.99646880121,1509.09490161478,1484.29417733693,1466.99722508301,1515.48968760061,1644.84684749774,1386.69169070231,1500.95415824062
"108",1579.59249107466,1601.81530752413,1470.22933597438,1490.50410588277,1408.88239474113,1331.83962929887,1478.58836789819,1340.60353324153,1389.94909137321,1639.44186337563,1539.46112602037,1353.6454218766,1531.71950693372,1467.48944384502,1593.34113775257,1780.0008911961,1563.75198517371,1516.43377342093,1420.28215873111,1546.43024758025,1461.40912342697,1427.15597971113,1398.86376007756,1519.74517121293,1474.04256694683,1464.32205364282,1505.67428848177,1651.81752608224,1383.16085704081,1506.74444050053
"109",1583.90720467692,1613.26620619993,1462.32110144127,1477.4767266691,1404.14816906644,1328.49038975262,1472.37410641153,1350.6401651327,1401.01591660326,1645.75573689593,1548.54106100478,1348.46070110636,1521.06923733557,1475.65458002054,1599.0568179399,1781.54824691709,1570.79047664522,1524.21398488541,1432.19595201413,1554.19582854874,1471.4929623337,1416.08915448108,1389.11083690983,1508.33179393467,1467.46648804918,1454.23821473609,1494.74260498684,1657.42284274915,1392.16541392825,1513.45950846702
"110",1592.02812396187,1618.95886629833,1472.92676253788,1488.45335905695,1412.61170436847,1327.2620663668,1464.6239364304,1342.71744191721,1393.01703679696,1649.95626484833,1557.817234388,1339.45614421893,1511.51691420827,1466.64527566764,1606.55604205656,1786.33293304658,1556.59278135963,1531.83788156067,1427.75032622418,1546.36390623335,1479.49184214,1428.20347210342,1377.67576381837,1498.15612458943,1459.70090708069,1465.45617342671,1509.57879493389,1665.46809420693,1404.768308652,1507.70418822365
"111",1598.00751730119,1604.9962647912,1480.40124553166,1498.48795002901,1407.6551398438,1324.74491535144,1452.99878123654,1332.54039857732,1405.43055186186,1654.38906201089,1563.55940543127,1336.56568347488,1500.54028182042,1456.90555801979,1595.3247786151,1790.66179750752,1562.84234153037,1536.63352824032,1423.87797937271,1556.79127342724,1473.08873042188,1442.76568700754,1386.87523804163,1491.24306362964,1470.30845436228,1474.13489522055,1518.29752340896,1650.13956769798,1395.85762157088,1515.66832479112
"112",1604.58359619885,1599.96783611766,1490.51010001478,1487.60424707096,1419.28029503767,1339.18418103287,1460.81176183053,1325.84104592054,1421.09855738659,1658.06847252751,1574.79066887273,1346.74272681477,1493.46456338016,1447.68898807389,1610.73037276094,1793.58990834183,1558.51347706942,1546.18585136762,1431.8007025882,1544.98850396423,1463.06101865969,1451.67637408866,1383.24096139926,1501.61975522758,1481.72183164054,1466.71132325568,1504.33686578238,1654.94524086949,1389.96948670729,1506.0633602514
"113",1595.24731348612,1605.19462891258,1476.07083433335,1475.69045378794,1410.60157324384,1333.02072513897,1449.77141023281,1322.08802867397,1411.51499166915,1663.37024786264,1562.37219964625,1343.5954330992,1505.26733284317,1440.16252542859,1617.23724200837,1796.31821367081,1565.36720050833,1562.48919870385,1424.53498696617,1536.03920961783,1476.732268283,1458.37572674544,1375.76647840548,1511.3993304732,1469.31636223784,1456.79333937381,1493.96017418443,1660.93534555511,1402.56220224122,1500.30201951943
"114",1599.87012651773,1612.27034735284,1484.84090917968,1485.4301714358,1419.38019132514,1328.30100790439,1442.67363682542,1336.45248391177,1407.30935175608,1670.89278684833,1569.97757865784,1341.15024211916,1493.68503390953,1437.96290181761,1625.9726356195,1798.51841445485,1571.10133386127,1555.05889304046,1435.57533856389,1541.22393038806,1484.62933133647,1448.30440942827,1367.95349781149,1505.23675175379,1483.38971012979,1446.85498172345,1484.18059893882,1664.3786956685,1394.66513918775,1505.9038667785
"115",1609.02320175412,1617.00457302752,1493.63316174084,1496.76555905141,1433.12140954678,1324.64472153606,1433.88138426426,1348.24419436523,1416.25695596066,1676.64810709169,1576.1589281779,1357.85279657486,1490.67302476753,1453.99003828409,1630.73726961127,1800.66950147606,1575.46553808838,1568.02348503678,1445.15890428133,1529.2791619724,1470.26487609866,1440.98930328425,1359.17487973018,1499.37249409667,1472.78404903318,1442.18674098812,1493.39716888472,1667.30977613767,1407.84662914044,1493.11142801864
"116",1615.93626271392,1623.21883451418,1488.35712108057,1485.54760036078,1424.35133470045,1319.02616660755,1427.72293158701,1344.28060864346,1414.25133098047,1659.63338824032,1580.41678134151,1353.57849920683,1478.5587071452,1445.32093393561,1638.56919192666,1802.49707134433,1567.94299910269,1553.83506505599,1458.93504108488,1536.54487759443,1467.65080916272,1451.75518035432,1375.41063741467,1510.25127583326,1484.72881744883,1431.42479061417,1484.18338703008,1652.58295048962,1399.38213942153,1502.22778780795
"117",1619.55155761215,1610.3112221298,1477.70510339804,1477.91068499271,1415.66246332317,1316.64279381322,1417.96977589814,1353.48680205531,1427.59464554235,1663.24157497879,1576.00240531781,1348.72395419363,1466.1451920803,1436.30092389785,1642.51789773565,1805.50441690104,1575.63549496968,1545.02781256332,1468.87339873524,1547.70028905496,1456.88493209264,1440.44587764471,1370.6094861385,1500.50604210465,1472.12592272508,1423.83806438947,1474.07453254696,1641.13205181382,1387.59042896808,1512.40345715318
"118",1605.4782097202,1616.71433384792,1489.71957310768,1467.66638713442,1426.42441369711,1307.43660040138,1406.00269809171,1365.34727507857,1415.69245845319,1669.00291571076,1581.62899146161,1360.69103200005,1461.56026644733,1446.05407958672,1645.52860859467,1790.0988227552,1562.48706726921,1535.44847665391,1464.24104782797,1553.58842391855,1452.65765379887,1433.89780985764,1361.66188193392,1509.17514645314,1482.15363448727,1436.65808528436,1469.42121890165,1627.67744762022,1381.26973854339,1500.79689888459
"119",1610.43477424486,1628.76088063344,1478.21359299302,1459.40940986737,1418.61492422668,1303.03684239508,1417.31200080132,1378.24613125144,1408.61390388449,1674.8378492636,1590.57828580801,1372.59321908921,1455.8978673508,1436.99543481433,1649.76380796241,1791.57360297619,1568.79873817327,1542.9749392992,1455.59558726053,1560.68619732594,1444.8526909212,1431.59281904662,1357.73149257323,1495.99365650045,1469.56091895334,1428.28064980225,1479.66551675993,1637.01373033294,1376.27453803104,1510.18814925139
"120",1613.78401379111,1613.09287510871,1473.64880790015,1470.16836373408,1414.82965524794,1297.24200335279,1405.83026606493,1372.53703813434,1397.68578096001,1678.08345549358,1595.47356889897,1369.51874651292,1465.96918466797,1448.50141492898,1654.20943375235,1794.53030058571,1573.06382508983,1555.99436217121,1449.40604453939,1549.89500246438,1456.48037872663,1442.38741564913,1372.78882179945,1505.39215280258,1479.47890283521,1418.88793932108,1485.82897265384,1642.53098196644,1387.20266095552,1519.19745360429
"121",1622.95067098619,1596.85711742422,1469.03643158309,1478.85723511136,1403.74315575151,1294.27332281547,1400.28031996672,1386.39572114869,1406.87684003078,1663.24726554653,1604.28082139164,1360.32768744215,1461.62104064713,1459.25825601513,1657.74026741385,1799.55872925926,1564.3284314787,1542.25314394957,1458.79875502056,1560.23084800313,1465.02366598753,1437.6184257475,1365.4494612107,1516.95755922346,1488.49891287297,1407.02746629781,1475.07001878714,1647.94189011638,1404.18833829399,1532.10506598868
"122",1628.61307008272,1583.18586780092,1456.13757541022,1487.91587988375,1398.36775695923,1292.06899137518,1398.36467417912,1402.10033628507,1417.20634985748,1666.00281747889,1599.32563045782,1377.61983079724,1470.08553036603,1448.46365941263,1648.36463983625,1803.97310528296,1570.37428826648,1533.13969667725,1464.59359406285,1548.66544158226,1472.20503120324,1430.56471928746,1376.9311959471,1524.54428544816,1503.78411379654,1419.2920497246,1465.671522485,1653.81641350127,1418.32933010205,1520.76967837307
"123",1622.99234781986,1569.40973099736,1450.24249033842,1493.53443481227,1410.86091005717,1289.28845310267,1391.6581951824,1413.63537658764,1429.45278837758,1672.80325760466,1584.7634155537,1373.09046086038,1467.50778752795,1446.03441173975,1651.2551005803,1787.66975794673,1561.22121303009,1543.93089153882,1454.88815126862,1536.65097187262,1467.32874979118,1422.51680641206,1388.01769544353,1511.72426455327,1511.59360326697,1414.15139655125,1476.32354016753,1661.24671916466,1407.99982027535,1529.9834602277
"124",1606.28979336415,1561.56786161799,1460.70492133798,1501.91187029438,1405.50637292234,1303.71500876158,1408.12931397993,1407.03131730119,1418.83981889113,1675.58909579144,1575.59675835862,1369.59686304771,1474.84714811671,1439.69273432918,1638.23567770829,1789.36580607998,1550.79384583621,1551.24599768284,1445.90342083472,1530.182567749,1480.50314137949,1415.66501290641,1380.17290966913,1502.19326530052,1520.23906383441,1407.46147851849,1491.6332025502,1648.28212716834,1404.291665815,1519.10467849112
"125",1610.22018272484,1551.23201607924,1474.41098776336,1490.28418248895,1396.96308566144,1298.2675049143,1418.74228346638,1421.5823585763,1413.52816979463,1679.46144264291,1580.39790963479,1380.94068817841,1464.09030703056,1447.78137447258,1641.38297142386,1791.52415563407,1543.99340571043,1536.18866845661,1454.50404798555,1537.98753062667,1468.76021369226,1407.37332196534,1377.14168300603,1517.22285708508,1527.31761840311,1422.7839167596,1504.95380781429,1651.9164038107,1419.32302198424,1528.84991221972
"126",1602.13382698885,1556.08656109244,1479.85849161064,1499.26891292285,1388.36245851061,1296.2979515745,1430.51543258595,1433.36032728697,1422.31753752913,1688.83707022051,1584.15092688137,1396.16193889832,1471.93509280495,1460.38428287862,1645.58861133693,1794.19932707425,1551.90164024355,1526.76075051593,1440.07749232664,1547.0395983581,1482.26332659775,1419.25038190654,1372.45840195158,1523.9293360818,1531.71737640941,1416.57026374683,1495.90174008285,1658.07898253011,1431.06594967148,1537.10688948677
"127",1611.54794209736,1565.51447903312,1471.97305042098,1507.31682579826,1401.31141064037,1290.41869027939,1448.51181340139,1428.35056618699,1432.17937708857,1676.79052343499,1588.4252242494,1387.16319094422,1486.85355828976,1473.3716018845,1653.4304807163,1797.21133621625,1559.65181022468,1543.39950860619,1455.21005013277,1557.25064447479,1489.59249584702,1434.50264731214,1364.36976180818,1513.92121701694,1523.64725081441,1405.22643861614,1487.09510435452,1663.94324018723,1440.06469762557,1541.82660672134
"128",1598.22733683328,1572.06254682019,1469.26256107234,1493.24604133103,1399.5753880591,1287.63211489847,1454.39107469649,1419.59791570376,1425.62286313113,1681.37544906796,1592.08151061773,1379.83402169495,1474.36040519183,1461.4945419433,1658.09872145163,1802.16652715007,1569.23114613409,1554.37318040364,1447.86097446094,1543.10965266674,1496.53445274046,1425.88908591952,1357.18839659247,1500.06253400259,1533.65536987927,1417.51704671339,1474.83052092773,1666.4603912026,1431.03711765218,1535.05360681299
"129",1590.4051941107,1577.61249291839,1457.50771269971,1486.24773760289,1391.95580823453,1281.54019019934,1465.20489114589,1430.09253081231,1441.788261256,1686.02876271327,1581.75476177244,1372.89206480152,1466.32045589465,1451.60133031827,1664.87172135998,1803.39485053589,1576.86806150216,1544.16213428695,1463.91482342131,1550.16335912677,1482.57233735479,1436.796639071,1371.2591810597,1493.95484339059,1540.34528791203,1407.65520715394,1484.53596372196,1680.26381677383,1437.12904235131,1521.71029225111
"130",1600.71593535063,1582.98789171067,1446.60015954822,1473.95712950564,1387.00824664816,1276.59844918862,1475.09810277092,1420.8502895384,1456.47032997663,1688.47395369331,1572.34064666393,1367.48484130502,1455.8580248951,1445.55111930121,1671.3401254836,1805.59447414687,1565.71265004164,1557.64808223671,1457.19083366429,1541.23874631398,1474.51025100482,1426.30202396245,1362.4698133252,1481.00589126083,1527.74237950598,1419.41005552658,1496.60977854418,1664.23668030734,1446.10862977059,1528.0309826758
"131",1603.68461588795,1587.67117276512,1437.42608206841,1482.98470947903,1401.55245392372,1270.19134094107,1480.03984378164,1416.93809214942,1465.71257125053,1692.82209771415,1577.33584717628,1362.49868445574,1444.32298459252,1455.6678255731,1675.12539446234,1791.79104857564,1573.13622200651,1545.57426741449,1449.60609459948,1537.57027432583,1483.83889521206,1421.25571332741,1355.16508192218,1469.23274214126,1536.50027795737,1412.58041733155,1484.36334002408,1671.91975200286,1440.35288707013,1537.56198192855
"132",1608.82526906129,1596.59578557792,1435.25733297444,1491.59827087166,1392.57286650444,1266.21342176904,1491.75763557885,1409.05888882701,1476.25380183927,1677.53689679058,1566.36217537883,1374.17390741529,1458.48487026427,1465.22731148472,1682.94753718492,1797.41177083851,1582.24966927883,1535.74170644227,1439.48938832759,1549.56586563664,1478.74561877298,1409.58049036786,1350.90788733912,1484.01886700196,1543.10433724383,1407.25836797608,1475.60544157269,1677.19579266313,1430.79340115852,1546.36861765689
"133",1611.6058073338,1581.56442940867,1429.24281488371,1505.35320095043,1385.70954093412,1262.57988282184,1499.63683890126,1400.42112350598,1466.32552086615,1685.62325252657,1579.31169950141,1366.09671579407,1465.78960166729,1456.68383063975,1687.55991350198,1799.4173958187,1574.56659758332,1542.59349994792,1433.76778851247,1556.91494130848,1488.67389974609,1427.7622005824,1364.87000272479,1472.24089829128,1533.8308359915,1413.66547622362,1483.89713251376,1681.8281435704,1424.04872776978,1537.64319641201
"134",1595.90119219742,1568.39003782036,1434.78282593335,1512.21652652075,1399.92433402653,1257.0398717722,1507.49492596866,1396.79233205375,1456.31759769227,1689.85053082034,1585.65337691198,1358.02018389869,1478.06142666487,1465.32159596078,1670.5742361635,1802.03146275465,1580.72505026057,1535.40890839769,1441.84432040785,1563.47145526592,1480.09773147789,1419.41632887897,1360.65286272381,1464.42946579212,1542.61892369859,1408.76764649173,1491.51671233833,1666.51848118773,1416.19064070237,1543.3522895291
"135",1582.19512577204,1577.66353907268,1429.63128094985,1516.19444569278,1393.77974753783,1254.53088470125,1515.85218480617,1406.57937904283,1470.29360706561,1694.41531591321,1591.00791404681,1353.42674750974,1475.3611639166,1472.59985878803,1657.08828821375,1804.60920559272,1591.05179910586,1546.1224838241,1436.02800679822,1554.78924149681,1487.59342633834,1434.69703961491,1356.83028112287,1457.8989188966,1533.49005891224,1397.28380544796,1482.72862463125,1668.90185398205,1429.65828075121,1551.39223882628
"136",1566.97387505213,1563.11249779757,1422.88787295774,1524.73792653775,1389.39246792705,1250.89514262896,1519.48792687846,1419.71938028892,1477.74109902406,1679.38572412865,1595.53728398367,1367.19294916342,1484.53524139642,1467.64996660185,1659.29261965403,1787.97044750247,1595.01538482762,1533.85065882651,1445.84469188327,1547.71247876921,1481.20309667914,1447.82281318715,1368.31412216664,1451.14982282809,1540.31969710727,1391.19866570881,1471.91480818185,1671.97632655835,1419.84159566617,1561.22479979849
"137",1560.2432667417,1558.97521671613,1412.79667893604,1535.58993722952,1379.60542093797,1248.12593571743,1506.34792563237,1429.81057431062,1471.71521196901,1682.41695079175,1600.84893308017,1363.47633562343,1473.99401080768,1479.38121157154,1642.82150085651,1790.2754383135,1601.20492754876,1545.35750897766,1435.90162617591,1535.80636924166,1498.48829146492,1457.76587889451,1361.03585933938,1441.82117862086,1528.60190531006,1383.70297084836,1480.66745866509,1659.02680243578,1431.48005013647,1567.43845281126
"138",1549.52969131529,1563.96137356541,1405.39586604155,1528.07799247033,1372.15792897952,1243.42040318007,1492.66687085046,1425.00714584388,1461.61704071364,1665.12480743666,1607.84723680831,1355.53122439885,1466.05024155294,1468.30428362995,1648.92919146851,1792.1910841011,1590.89418630883,1550.76473247416,1443.84673740049,1546.46798313149,1486.44667187699,1465.38188196869,1373.31238895395,1449.89837024208,1541.1750660921,1400.48685520325,1492.57356819264,1644.10833695097,1426.54420809011,1554.45113380538
"139",1557.34112381445,1559.97606148556,1397.46677392185,1520.03266217864,1385.83898376143,1239.26187468419,1506.3651222139,1440.09883391288,1450.95511838344,1668.832961897,1595.8516454975,1365.82371781048,1476.05816472682,1478.40245488532,1643.1256476647,1794.62033177397,1599.61960755371,1558.82681882412,1457.35757762611,1554.41175238623,1475.76273865034,1462.64724293002,1365.69638587976,1441.54111140457,1547.3196525808,1394.38734240667,1485.76543679719,1648.8773268526,1438.58582767804,1562.33657499505
"140",1542.79691653888,1551.54937531558,1409.61627302311,1507.47800454359,1382.41732875864,1238.4679996562,1517.12302562635,1428.67847996708,1460.97310495841,1673.70924330906,1582.348532592,1359.28733263903,1469.68920592063,1486.33154700502,1650.31023921492,1800.65539147932,1607.68973314872,1548.16520493429,1451.58003667777,1543.55974169446,1479.92126714622,1473.33117615667,1355.40389246814,1429.26458179,1538.48130135577,1390.41475702109,1494.11130850062,1642.84226714725,1449.24775000824,1572.96217288553
"141",1550.38165560369,1540.96712284663,1403.74143082329,1501.46045414779,1374.4628924529,1253.91489866467,1526.63807345127,1426.49704646617,1472.8409077735,1682.92300031046,1586.60572717506,1351.86395675664,1461.51746484428,1479.6825850522,1635.52411435423,1804.32386346747,1613.58481822052,1554.90987832303,1441.56205010281,1556.03543041559,1471.79392023829,1461.18167705541,1350.4775245232,1441.81923942504,1547.05746962397,1401.83511096689,1491.0512985472,1646.33586495992,1443.79303418937,1582.09103767188
"142",1541.8781995297,1547.05226258578,1412.14353478475,1495.00635442497,1388.47102411979,1251.10471786216,1514.77027063618,1418.98446053902,1464.21665550745,1684.89255365027,1575.09887702392,1347.10130548372,1454.50441667614,1488.95208988455,1623.75694251565,1810.12740727128,1598.26237997941,1568.24741384713,1434.70558165358,1552.07129896516,1482.93983412385,1450.68160914529,1347.74496657705,1452.89616736664,1533.93169605173,1395.46146216626,1477.28509689351,1637.12210795852,1454.29310209949,1588.8150274289
"143",1527.66340643729,1553.79567057789,1400.29303631111,1488.28824020872,1378.67219795473,1246.4533058974,1522.28285656333,1428.5896524355,1476.8696773094,1691.6231619607,1581.84797309243,1358.95180395735,1462.45885298188,1477.40331472088,1628.76670361563,1811.86342985255,1584.10049430766,1572.84085023608,1446.25435681725,1543.58080539973,1492.07444425224,1435.23471013682,1339.34286261559,1457.601699904,1542.10343712808,1405.26028833132,1465.64664242321,1621.98955015238,1467.81299709279,1594.13707678437
"144",1531.29694538448,1564.52814512821,1412.87493603481,1500.26083428045,1392.58528729608,1263.30836368726,1508.36976722198,1419.98545056004,1488.7688248597,1675.56931300033,1587.86249118316,1374.14474293902,1454.25729380369,1486.00751659634,1615.01177353686,1793.8670490371,1573.47489641718,1568.47508681925,1442.10269070318,1549.68031819631,1479.49254452854,1428.96332222675,1335.89750454499,1450.87238447449,1532.7479773339,1395.65509643484,1477.10503596469,1606.73728474678,1463.32202128157,1598.35421678535
"145",1541.87919785343,1573.88360492239,1425.58946865076,1490.74578645552,1388.0407928484,1259.37422528862,1521.70366394483,1411.39656376089,1494.46596780927,1659.40391487546,1596.7008424082,1390.15382859675,1444.98778897134,1496.64338279513,1620.0580841719,1796.57753838574,1585.24206825575,1571.24429373078,1449.13764296599,1554.60668614125,1488.04836436022,1420.40750239507,1328.86255228219,1458.29576035688,1521.99007392145,1393.51043174192,1491.35333486433,1609.52386012771,1476.2041465015,1604.07581660047
"146",1528.41155780459,1569.37346873368,1418.6211592874,1504.43049127639,1378.1982087063,1255.26758730705,1534.33880397531,1403.20979947318,1498.57260579084,1666.48067760305,1602.51715601782,1385.74881321271,1458.49816741008,1486.65069964377,1607.48492338986,1800.71481946718,1590.18962984213,1557.73345350516,1442.67560822969,1561.46315459048,1481.52706327361,1417.00823096682,1323.16540933261,1452.79771484812,1507.98194225456,1403.35301588402,1497.88972003578,1618.20607389682,1492.85686568727,1594.36648675126
"147",1516.6803128349,1562.01511400734,1427.84221560141,1498.94519059661,1391.50294782068,1268.92192272074,1541.30711333867,1397.49982200278,1485.13241081124,1670.39287499203,1588.54114664449,1373.96675047309,1463.14957937484,1499.87542880789,1614.29305478531,1803.41508221545,1596.72017673764,1545.76085943344,1435.19449951637,1572.3670458941,1494.88700308934,1412.28022148111,1334.94747207223,1443.66310471972,1520.94430825202,1395.46716592362,1511.7826969339,1603.5240051762,1482.95948775262,1596.87547382222
"148",1505.22191929342,1567.88995620716,1418.05379976081,1509.61212881567,1382.28189150666,1265.55294988188,1550.94712544237,1405.71862469649,1476.10852536261,1675.48615143111,1579.29010257563,1387.40694545268,1475.09919704625,1506.95762577539,1618.68033439608,1805.58383130942,1602.7703877547,1553.88820634137,1444.98291535697,1558.85666745536,1502.5532009405,1404.61402362995,1326.72866937853,1456.86947406467,1529.56856051808,1388.38496895612,1500.63678304834,1609.27974787665,1496.99318101725,1604.92080411391
"149",1512.6227321879,1559.13570749289,1409.55881467024,1496.89759619972,1377.62913718068,1278.94805133137,1539.38666219522,1402.99627266229,1489.96768976043,1662.14861590701,1568.55762802531,1379.93435748188,1483.28596133396,1499.16319606935,1623.83187937958,1809.56914338927,1611.2738438287,1558.65085761429,1456.11928350948,1543.66372847369,1507.88447551563,1413.8388941767,1321.3973948034,1469.34190451149,1522.15144622068,1374.73063354244,1517.30767938557,1614.17757760855,1489.78149828795,1613.41129767935
"150",1525.63013125109,1545.92933814794,1401.94765323092,1506.89027935108,1368.40426663393,1276.27608776942,1547.03489012582,1415.44850338304,1477.51545903967,1665.77740735924,1575.57067619346,1370.90712261738,1477.16307554673,1491.79855444844,1627.54849291957,1791.38743317473,1615.09642542964,1545.99783581234,1448.47105557889,1531.76458092338,1519.00368666766,1422.8661290412,1318.42594464149,1477.93079131065,1511.48450800161,1388.38489219672,1508.12961844391,1623.88690745776,1481.41462738523,1620.12941189559
"151",1533.83169042928,1555.1073990896,1417.30956927673,1496.28447402808,1366.17996099737,1271.49702305613,1555.40176102854,1430.45045755078,1482.29452375297,1670.72729954543,1582.29999162297,1360.77107236399,1484.63566351753,1482.57403780775,1613.85024155614,1794.44744312815,1623.52311159962,1538.10033646461,1463.21499956733,1519.81496325198,1511.64254050164,1416.59649329893,1313.39814037899,1485.81664127105,1507.7301187194,1374.98979074723,1497.49375224512,1631.39885221696,1470.89127858252,1605.03772382658
"152",1540.20533922991,1566.37689043624,1429.79863935909,1507.84493727522,1376.31601125076,1287.05418870859,1543.82172017171,1418.90483057806,1478.62328082599,1653.94341519053,1592.95350343759,1354.13994497208,1473.49929536502,1489.20516519965,1619.62778250447,1798.81320654498,1608.24240086368,1521.24527867474,1473.73834837004,1534.56574878183,1504.6710383602,1412.8541201023,1310.03251954845,1496.42244659406,1511.66425711805,1369.58860008424,1484.18901313074,1618.92316349582,1466.18245953197,1594.38421201196
"153",1532.17672858833,1553.49476521631,1438.5974235048,1494.19067862094,1387.86163822348,1298.82167591416,1548.84694825633,1412.75315585335,1490.84384607423,1659.96096558634,1582.04961213397,1349.11471688746,1489.26149734357,1473.64799954719,1625.08249832334,1802.77733799541,1614.61135966988,1512.17083688732,1485.78681981777,1546.29054799259,1517.19611035596,1405.8092057911,1306.07409087686,1506.31982452871,1522.46648914468,1364.66999031216,1477.62740494524,1625.31349315503,1451.87486383008,1609.60700296502
"154",1544.58799956758,1562.56920700373,1432.5009333703,1501.80184006027,1379.06285407777,1295.6994801319,1538.75232124025,1424.64210386135,1482.68788719979,1663.38262058913,1568.52971714067,1337.34722968189,1500.04171801513,1463.51558678595,1611.39779350248,1785.49214320963,1623.86240373874,1502.4670828708,1479.64722326104,1549.65952083144,1526.6337633709,1403.3264481294,1320.38168657875,1496.20893825496,1532.1702431612,1358.41740565851,1470.74362569261,1630.24933520139,1443.47039920458,1617.6356136066
"155",1532.11556912076,1568.27918447412,1439.73628555685,1492.55503960738,1391.44683044737,1310.48772132758,1530.83634944116,1416.45130723585,1474.82037832265,1670.74097531547,1571.33989794318,1333.8812688971,1511.62175887196,1451.13161041635,1620.15204221675,1788.2267822483,1629.88829079378,1512.57796914455,1490.99141974301,1559.04202877237,1515.28956688893,1417.4476073787,1315.48802141576,1507.98879838748,1526.56667631381,1355.7857948128,1479.23861078317,1636.70343492421,1454.9818963654,1605.22434262734
"156",1539.59667783409,1558.7133089321,1432.07886945074,1504.92797420482,1386.03727834259,1303.44642528877,1538.2383192183,1423.49260327466,1465.05314458079,1673.47353326162,1577.61128585325,1326.64591671055,1501.5345798005,1438.4542140845,1628.04954156449,1792.73691843701,1634.69171926052,1521.62131975368,1482.90896745524,1565.31166451463,1505.45636586006,1430.40762070884,1312.30851646355,1513.01660264998,1516.42434712212,1368.46319114465,1470.19526017404,1640.67602030979,1461.09167736284,1609.76883707503
"157",1528.79444580746,1546.93344879958,1445.83310739671,1497.6375405812,1380.79418762094,1296.96251983486,1543.706859561,1414.77720078935,1456.61498717006,1678.9588339414,1584.07332058955,1320.35798868358,1507.78716445415,1431.05224430735,1619.74699310702,1793.530793465,1620.44342036088,1531.76364894538,1492.6762011971,1559.86638745248,1493.75692066298,1424.13669280654,1306.19873546611,1508.59277096027,1505.64412645056,1362.99465080195,1463.85808539329,1626.78304341167,1449.80345648246,1614.17385245907
"158",1519.15443370376,1535.81423764755,1457.5325525938,1488.19988756625,1376.53012759761,1309.21344486267,1528.92884421586,1408.69580742425,1469.23752569167,1683.11050005547,1595.09649830061,1316.21140835219,1516.19162907965,1437.53614976127,1608.72381539596,1795.71222696591,1607.43602129769,1545.93088039579,1500.72867389106,1566.0180621772,1504.76580596297,1416.08422011257,1302.38785183083,1518.67995003173,1493.1550563682,1377.77266614709,1477.3392826682,1632.28108892043,1462.55857738396,1620.69515354568
"159",1528.17831915239,1547.72096211521,1470.5117614134,1496.39068419175,1364.2792025698,1323.47848318076,1517.91995891587,1402.87127737656,1458.03834994222,1687.60147586669,1583.37169908985,1311.96232709193,1521.08529424264,1430.47784849549,1615.28542358146,1780.48943601285,1614.08498325051,1533.88240894806,1490.7470844653,1557.93298344332,1514.36253354939,1427.37244099295,1318.10420448328,1525.72486434293,1485.72617119787,1373.64761754612,1469.04724012549,1621.38667258181,1459.76443236459,1625.42316303139
"160",1518.79581121146,1553.1221527782,1463.57388533941,1484.87918703094,1359.63408002515,1335.72463106016,1526.36838689558,1390.62512949716,1450.92563076362,1695.90402432416,1592.93757463187,1308.99618123497,1530.9184952715,1423.94146060244,1624.68108048936,1763.81853967562,1601.12261725305,1527.86156175906,1481.15035687889,1565.80049232046,1507.27522327439,1438.5716167424,1336.17059077788,1534.57866878782,1476.87236675298,1387.41573930331,1479.17965288674,1628.80378687922,1451.66172046826,1631.54604881862
"161",1528.02032785215,1557.08058144979,1455.1254573597,1475.61530923721,1368.94699504857,1326.41171603673,1517.40585101835,1383.6098922302,1446.86056011794,1699.3032957524,1600.30221625278,1307.75753976923,1543.81575005128,1439.17250351797,1627.65253065128,1765.96320436853,1612.01703359166,1523.46105194738,1471.90087701824,1571.0435830421,1516.52470313503,1425.70675674875,1349.03545077154,1522.66582172928,1462.0841255573,1382.60960186031,1467.29070487873,1615.46989015636,1445.33100864986,1617.51235555399
"162",1537.26712830504,1544.86001620155,1448.84277980633,1467.87394243038,1362.17242840743,1341.13341056078,1529.5251436578,1377.24975640327,1433.46795803528,1684.55251022255,1590.0823355909,1324.12675880838,1548.06483131154,1451.06533817433,1612.90858666284,1769.71759365075,1615.46239166226,1510.50103861724,1469.03245054504,1564.2774180991,1507.57069181448,1420.57343432794,1361.73820470934,1530.32323783539,1468.37205358427,1375.83883370143,1479.20355193727,1602.83475012589,1432.62825471205,1603.65319115617
"163",1545.55917084775,1555.55791005206,1440.93181044445,1460.59072845484,1355.69097161978,1337.40433739314,1540.45101171536,1370.43572499045,1425.5690426321,1696.08638229003,1576.60113831599,1337.51936089104,1535.30971041004,1444.61619886255,1620.26973282886,1754.92135064699,1599.45330600453,1519.76491641096,1456.03883954723,1551.29820927949,1515.46960721766,1428.227462953,1374.73181570715,1542.85258760705,1477.08745606959,1370.94213599114,1491.79128109678,1589.61002096176,1426.18764424741,1609.99036593692
"164",1555.65379786383,1541.43675080277,1432.42832909551,1473.61433810561,1368.1959825098,1331.68479774789,1551.76871620122,1360.45030066039,1437.50930445519,1701.68994913742,1564.22820371855,1329.86533226598,1526.49146489972,1432.11118797253,1627.24123497029,1738.26863146122,1588.18381465789,1528.20307382169,1468.94134182523,1560.89519153658,1526.98122291238,1422.63893420837,1372.86741019165,1549.91088887283,1467.51041368843,1380.9275603212,1501.36832347793,1594.26277528775,1420.91437229856,1594.62844989111
"165",1563.80975673828,1553.33113787516,0,1485.15835194224,0,0,0,0,0,1685.92774715887,1569.14681349063,0,1534.59417679605,0,1633.38083152703,1726.73475939373,1602.98005766165,1512.48672116924,0,1569.36870404315,0,0,0,1537.28835035121,1453.24537537033,0,1511.34991290369,1584.86711837985,0,1584.53511556852
"166",1569.21930884307,1557.47771820656,0,1491.93291858338,0,0,0,0,0,1671.76051570845,1558.44891964012,0,1546.22344538446,0,1641.4659102609,1729.45711142793,1589.62011784593,1507.44178809836,0,1552.999485004,0,0,0,1527.69136809412,1467.35231708854,0,1497.5817911465,1592.66154808589,0,1591.96400073885
"167",1555.46507089709,1561.28860184184,0,1498.7469499962,0,0,0,0,0,1675.50288890509,1566.53137192789,0,1559.86631259148,0,1634.54691234316,1731.6814170645,1596.50389709856,1498.96827559179,0,1561.95349632455,0,0,0,1516.14735425749,1480.68535620604,0,1504.59702841345,1602.88142874777,0,1595.08619652111
"168",1563.20643770392,1568.40132102044,0,1508.83548713623,0,0,0,0,0,1680.21170795564,1572.80229983019,0,1546.96381031349,0,1621.64965756338,1736.1052487542,1603.71557982786,1505.73904375067,0,1568.3941067892,0,0,0,1522.50749008443,1493.31964433631,0,1489.87533388941,1590.97470428011,0,1604.87972850264
"169",1569.03096775161,1581.82364761574,0,1499.77555442413,0,0,0,0,0,1686.23255514465,1583.47371631987,0,1542.66102129941,0,1615.61049548854,1741.55052581635,1606.38754338981,1493.84620909431,0,1556.88249109448,0,0,0,1530.41845944631,1501.82312568525,0,1496.35679067706,1594.34032511065,0,1608.05923345485
"170",1556.00735810084,1592.79179526424,0,1491.22955886708,0,0,0,0,0,1688.86416599036,1576.56081704436,0,1538.52316434961,0,1618.5766413455,1745.22176874333,1591.38558922207,1481.90594727122,0,1548.39591697438,0,0,0,1522.41658255357,1491.73458854522,0,1502.07633032231,1581.81525311489,0,1596.16484638246
"171",1562.54374599389,1598.38032400887,0,1483.1613073569,0,0,0,0,0,1695.7803812684,1585.37906255468,0,1534.53946512123,0,1625.6639516205,1747.70452640502,1601.47892354466,1476.47331791722,0,1540.38280272829,0,0,0,1534.21728602497,1484.09127752226,0,1515.05469248289,1587.91174324939,0,1585.49342989278
"172",1571.50628187112,1588.6389173455,0,1475.53587889802,0,0,0,0,0,1687.58083774719,1591.70977437309,0,1530.7000654793,0,1610.43290870497,1752.10503621669,1608.76935716828,1471.28461459089,0,1552.80841865702,0,0,0,1525.35360777447,1476.85898710351,0,1527.3380602518,1578.11821126786,0,1580.42666608586
"173",1576.40297958141,1599.45649976377,0,0,0,0,0,0,0,1694.34700269019,1580.08050578468,0,0,0,1615.56623112578,1759.02403413444,1612.23531795307,1486.32213724869,0,1544.55014320059,0,0,0,1536.99024072572,1490.0065333128,0,1518.94135946051,1571.20199598982,0,1587.36454215985
"174",1585.66910436082,1609.65317574325,0,0,0,0,0,0,0,1701.2599019657,1595.38283966378,0,0,0,1604.59808347728,1767.22357765565,1620.15128975215,1500.68600427018,0,1536.74870436603,0,0,0,1527.96872659666,1502.45694951136,0,1511.01160447723,1558.61426683032,0,1592.17067960285
"175",1573.86840088942,1599.26310724993,0,0,0,0,0,0,0,1706.30483503658,1607.36678019513,0,0,0,1609.87135542613,1773.2627397305,1607.62193998049,1494.35706027148,0,0,0,0,0,1519.45850275181,1494.22284686092,0,1503.51437107523,1564.69566019542,0,1580.05138696341
"176",1582.73207913992,1589.47091124292,0,0,0,0,0,0,0,1688.23844874197,1617.1081868585,0,0,0,1618.35792954623,1778.32950353742,1611.88600000382,1488.33904491759,0,0,0,0,0,1511.42344610017,1486.44380657143,0,1496.41711137929,1571.97887417096,0,1586.50052627519
"177",1571.09544618867,1600.24090211034,0,0,0,0,0,0,0,1692.30351938766,1606.29060444023,0,0,0,1626.37104379232,1781.12364855678,1616.0110486048,0,0,0,0,0,0,0,0,0,0,1576.62399671561,0,1575.18282178933
"178",1580.11696031773,1590.39243802526,0,0,0,0,0,0,0,1678.88119279236,1596.09392846075,0,0,0,1613.94542786359,1782.36229002252,1604.88222970752,0,0,0,0,0,0,0,0,0,0,1587.7528156129,0,1582.82613281229
"179",1588.62718416258,0,0,0,0,0,0,0,0,1665.23832558534,1606.48399695407,0,0,0,1622.20370332002,1785.23071649572,1590.77528798931,0,0,0,0,0,0,0,0,0,0,1574.41977649539,0,1590.05842323105
"180",1596.66224081422,0,0,0,0,0,0,0,0,1653.25438505399,1616.27619296108,0,0,0,1630.00514215458,1769.92838261662,1597.05796554267,0,0,0,0,0,0,0,0,0,0,1561.78548836512,0,1576.91087702176
"181",1586.03649333313,0,0,0,0,0,0,0,0,1658.68701440799,1605.50620209366,0,0,0,1640.48877212493,1771.79278813212,1600.78703871031,0,0,0,0,0,0,0,0,0,0,1550.85962030756,0,1564.46046082319
"182",1576.02159440728,0,0,0,0,0,0,0,0,1663.87571773431,1615.35466617874,0,0,0,1630.36929912487,1776.0955771462,1608.78891560305,0,0,0,0,0,0,0,0,0,0,1541.59349552816,0,1572.69456347364
"183",1566.58260970437,0,0,0,0,0,0,0,0,1648.83819507651,1609.95281041874,0,0,0,1620.83201347612,1780.23343409599,1595.81055344248,0,0,0,0,0,0,0,0,0,0,1550.65342824026,0,1580.47360376312
"184",1557.68309126978,0,0,0,0,0,0,0,0,1634.47432805502,1604.7926318624,0,0,0,1631.84062752986,1784.21713332438,1583.52718567356,0,0,0,0,0,0,0,0,0,0,1559.19942379731,0,1571.44836438777
"185",0,0,0,0,0,0,0,0,0,1640.80327205372,1599.856629145,0,0,0,1622.21879563655,1788.05653296631,1591.92388646485,0,0,0,0,0,0,0,0,0,0,1567.26767530749,0,1562.93467239874
"186",0,0,0,0,0,0,0,0,0,1646.82128740762,1595.12884864379,0,0,0,1613.14833020761,1793.45838872631,1599.85364144813,0,0,0,0,0,0,0,0,0,0,1574.89310376637,0,1574.89639772988
"187",0,0,0,0,0,0,0,0,0,1636.33765743727,0,0,0,0,0,1798.61856728265,1607.35087485014,0,0,0,0,0,0,0,0,0,0,1585.51885124745,0,1586.18805706472
"188",0,0,0,0,0,0,0,0,0,1646.45713043732,0,0,0,0,0,1803.55457000005,1614.44813454608,0,0,0,0,0,0,0,0,0,0,1595.5337501733,0,1576.83606298201
"189",0,0,0,0,0,0,0,0,0,1655.99441608607,0,0,0,0,0,1808.28235050126,1623.47337392143,0,0,0,0,0,0,0,0,0,0,1604.97273487622,0,1588.01777506321
"190",0,0,0,0,0,0,0,0,0,1644.98580203233,0,0,0,0,0,1814.34506939178,1631.98706591046,0,0,0,0,0,0,0,0,0,0,1613.87225331081,0,1578.5608284746
"191",0,0,0,0,0,0,0,0,0,1654.60763392564,0,0,0,0,0,1820.11700615562,1620.02534057932,0,0,0,0,0,0,0,0,0,0,1623.94388137846,0,0
"192",0,0,0,0,0,0,0,0,0,1663.67809935459,0,0,0,0,0,1825.61995766033,1608.73368124448,0,0,0,0,0,0,0,0,0,0,1633.43617805396,0,0
"193",0,0,0,0,0,0,0,0,0,1657.61538046407,0,0,0,0,0,1830.87382830308,1618.08567532719,0,0,0,0,0,0,0,0,0,0,1622.38550924874,0,0
"194",0,0,0,0,0,0,0,0,0,1651.84344370023,0,0,0,0,0,1835.89490528123,1606.90396324599,0,0,0,0,0,0,0,0,0,0,1631.96732017142,0,0
"195",0,0,0,0,0,0,0,0,0,1646.34049219552,0,0,0,0,0,1840.70173982242,1616.36090983459,0,0,0,0,0,0,0,0,0,0,1641.00034458148,0,0
"196",0,0,0,0,0,0,0,0,0,1641.08662155276,0,0,0,0,0,1845.30940762888,1606.28928176695,0,0,0,0,0,0,0,0,0,0,1635.97926760334,0,0
"197",0,0,0,0,0,0,0,0,0,0,0,0,0,0,0,1829.73165630622,1596.79698509144,0,0,0,0,0,0,0,0,0,0,1631.17243306215,0,0
"198",0,0,0,0,0,0,0,0,0,0,0,0,0,0,0,1834.80234479192,1607.84765389666,0,0,0,0,0,0,0,0,0,0,1626.56476525569,0,0
"199",0,0,0,0,0,0,0,0,0,0,0,0,0,0,0,0,1598.26584297398,0,0,0,0,0,0,0,0,0,0,1642.14251657834,0,0
"200",0,0,0,0,0,0,0,0,0,0,0,0,0,0,0,0,1589.23281856392,0,0,0,0,0,0,0,0,0,0,1637.07182809265,0,0
"201",0,0,0,0,0,0,0,0,0,0,0,0,0,0,0,0,0,0,0,0,0,0,0,0,0,0,0,0,0,0
"202",0,0,0,0,0,0,0,0,0,0,0,0,0,0,0,0,0,0,0,0,0,0,0,0,0,0,0,0,0,0
"203",0,0,0,0,0,0,0,0,0,0,0,0,0,0,0,0,0,0,0,0,0,0,0,0,0,0,0,0,0,0
"204",0,0,0,0,0,0,0,0,0,0,0,0,0,0,0,0,0,0,0,0,0,0,0,0,0,0,0,0,0,0
"205",0,0,0,0,0,0,0,0,0,0,0,0,0,0,0,0,0,0,0,0,0,0,0,0,0,0,0,0,0,0
"206",0,0,0,0,0,0,0,0,0,0,0,0,0,0,0,0,0,0,0,0,0,0,0,0,0,0,0,0,0,0
"207",0,0,0,0,0,0,0,0,0,0,0,0,0,0,0,0,0,0,0,0,0,0,0,0,0,0,0,0,0,0
"208",0,0,0,0,0,0,0,0,0,0,0,0,0,0,0,0,0,0,0,0,0,0,0,0,0,0,0,0,0,0
"209",0,0,0,0,0,0,0,0,0,0,0,0,0,0,0,0,0,0,0,0,0,0,0,0,0,0,0,0,0,0
"210",0,0,0,0,0,0,0,0,0,0,0,0,0,0,0,0,0,0,0,0,0,0,0,0,0,0,0,0,0,0
"211",0,0,0,0,0,0,0,0,0,0,0,0,0,0,0,0,0,0,0,0,0,0,0,0,0,0,0,0,0,0
"212",0,0,0,0,0,0,0,0,0,0,0,0,0,0,0,0,0,0,0,0,0,0,0,0,0,0,0,0,0,0
"213",0,0,0,0,0,0,0,0,0,0,0,0,0,0,0,0,0,0,0,0,0,0,0,0,0,0,0,0,0,0
"214",0,0,0,0,0,0,0,0,0,0,0,0,0,0,0,0,0,0,0,0,0,0,0,0,0,0,0,0,0,0
"215",0,0,0,0,0,0,0,0,0,0,0,0,0,0,0,0,0,0,0,0,0,0,0,0,0,0,0,0,0,0
"216",0,0,0,0,0,0,0,0,0,0,0,0,0,0,0,0,0,0,0,0,0,0,0,0,0,0,0,0,0,0
"217",0,0,0,0,0,0,0,0,0,0,0,0,0,0,0,0,0,0,0,0,0,0,0,0,0,0,0,0,0,0
"218",0,0,0,0,0,0,0,0,0,0,0,0,0,0,0,0,0,0,0,0,0,0,0,0,0,0,0,0,0,0
"219",0,0,0,0,0,0,0,0,0,0,0,0,0,0,0,0,0,0,0,0,0,0,0,0,0,0,0,0,0,0
"220",0,0,0,0,0,0,0,0,0,0,0,0,0,0,0,0,0,0,0,0,0,0,0,0,0,0,0,0,0,0
"221",0,0,0,0,0,0,0,0,0,0,0,0,0,0,0,0,0,0,0,0,0,0,0,0,0,0,0,0,0,0
"222",0,0,0,0,0,0,0,0,0,0,0,0,0,0,0,0,0,0,0,0,0,0,0,0,0,0,0,0,0,0
"223",0,0,0,0,0,0,0,0,0,0,0,0,0,0,0,0,0,0,0,0,0,0,0,0,0,0,0,0,0,0
"224",0,0,0,0,0,0,0,0,0,0,0,0,0,0,0,0,0,0,0,0,0,0,0,0,0,0,0,0,0,0
"225",0,0,0,0,0,0,0,0,0,0,0,0,0,0,0,0,0,0,0,0,0,0,0,0,0,0,0,0,0,0
"226",0,0,0,0,0,0,0,0,0,0,0,0,0,0,0,0,0,0,0,0,0,0,0,0,0,0,0,0,0,0
"227",0,0,0,0,0,0,0,0,0,0,0,0,0,0,0,0,0,0,0,0,0,0,0,0,0,0,0,0,0,0
"228",0,0,0,0,0,0,0,0,0,0,0,0,0,0,0,0,0,0,0,0,0,0,0,0,0,0,0,0,0,0
"229",0,0,0,0,0,0,0,0,0,0,0,0,0,0,0,0,0,0,0,0,0,0,0,0,0,0,0,0,0,0
"230",0,0,0,0,0,0,0,0,0,0,0,0,0,0,0,0,0,0,0,0,0,0,0,0,0,0,0,0,0,0
"231",0,0,0,0,0,0,0,0,0,0,0,0,0,0,0,0,0,0,0,0,0,0,0,0,0,0,0,0,0,0
"232",0,0,0,0,0,0,0,0,0,0,0,0,0,0,0,0,0,0,0,0,0,0,0,0,0,0,0,0,0,0
"233",0,0,0,0,0,0,0,0,0,0,0,0,0,0,0,0,0,0,0,0,0,0,0,0,0,0,0,0,0,0
"234",0,0,0,0,0,0,0,0,0,0,0,0,0,0,0,0,0,0,0,0,0,0,0,0,0,0,0,0,0,0
"235",0,0,0,0,0,0,0,0,0,0,0,0,0,0,0,0,0,0,0,0,0,0,0,0,0,0,0,0,0,0
"236",0,0,0,0,0,0,0,0,0,0,0,0,0,0,0,0,0,0,0,0,0,0,0,0,0,0,0,0,0,0
"237",0,0,0,0,0,0,0,0,0,0,0,0,0,0,0,0,0,0,0,0,0,0,0,0,0,0,0,0,0,0
"238",0,0,0,0,0,0,0,0,0,0,0,0,0,0,0,0,0,0,0,0,0,0,0,0,0,0,0,0,0,0
"239",0,0,0,0,0,0,0,0,0,0,0,0,0,0,0,0,0,0,0,0,0,0,0,0,0,0,0,0,0,0
"240",0,0,0,0,0,0,0,0,0,0,0,0,0,0,0,0,0,0,0,0,0,0,0,0,0,0,0,0,0,0
"241",0,0,0,0,0,0,0,0,0,0,0,0,0,0,0,0,0,0,0,0,0,0,0,0,0,0,0,0,0,0
"242",0,0,0,0,0,0,0,0,0,0,0,0,0,0,0,0,0,0,0,0,0,0,0,0,0,0,0,0,0,0
"243",0,0,0,0,0,0,0,0,0,0,0,0,0,0,0,0,0,0,0,0,0,0,0,0,0,0,0,0,0,0
"244",0,0,0,0,0,0,0,0,0,0,0,0,0,0,0,0,0,0,0,0,0,0,0,0,0,0,0,0,0,0
"245",0,0,0,0,0,0,0,0,0,0,0,0,0,0,0,0,0,0,0,0,0,0,0,0,0,0,0,0,0,0
"246",0,0,0,0,0,0,0,0,0,0,0,0,0,0,0,0,0,0,0,0,0,0,0,0,0,0,0,0,0,0
"247",0,0,0,0,0,0,0,0,0,0,0,0,0,0,0,0,0,0,0,0,0,0,0,0,0,0,0,0,0,0
"248",0,0,0,0,0,0,0,0,0,0,0,0,0,0,0,0,0,0,0,0,0,0,0,0,0,0,0,0,0,0
"249",0,0,0,0,0,0,0,0,0,0,0,0,0,0,0,0,0,0,0,0,0,0,0,0,0,0,0,0,0,0
"250",0,0,0,0,0,0,0,0,0,0,0,0,0,0,0,0,0,0,0,0,0,0,0,0,0,0,0,0,0,0
